company_id,year,net_profit_margin,operating_profit_margin,roe,roce,roa,debt_to_equity,high_leverage_flag,interest_coverage,icr_label,icr_warning,net_debt,asset_turnover,eps_ratio,dividend_payout_ratio,id,company_name,roe_percentage,roce_percentage,roe_difference,roce_difference,category
ABB,Dec 2012,8.771929824561402,12.220205686630369,22.411128284389488,31.221020092735703,15.986769570011026,0.0,0,,Debt Free,0,0.0,1.822491730981257,68.0,25.0,ABB,Abbott India Ltd,34.9,46.0,12.488871715610511,14.778979907264297,Formula Difference
ABB,Mar 2014,8.699472759226714,11.731107205623902,25.12690355329949,33.88324873096447,17.383669885864794,0.0,0,,Debt Free,0,0.0,1.9982440737489024,93.0,25.0,ABB,Abbott India Ltd,34.9,46.0,9.77309644670051,12.116751269035532,Formula Difference
ABB,Mar 2015,10.004368719965049,13.630406290956751,24.439701173959445,33.29775880469584,16.666666666666664,0.0,0,,Debt Free,0,0.0,1.665938864628821,108.0,29.0,ABB,Abbott India Ltd,34.9,46.0,10.460298826040553,12.702241195304161,Formula Difference
ABB,Mar 2016,9.755164498852334,13.963274674827849,21.338912133891213,30.543933054393307,15.77970297029703,0.0,0,138.33333333333334,,0,0.0,1.6175742574257426,120.0,29.0,ABB,Abbott India Ltd,34.9,46.0,13.561087866108785,15.456066945606693,Formula Difference
ABB,Mar 2017,9.541853255253187,13.709955218739237,19.971160778658977,28.69502523431867,13.407550822846078,0.0,0,227.5,,0,0.0,1.40513068731849,130.0,31.0,ABB,Abbott India Ltd,34.9,46.0,14.928839221341022,17.30497476568133,Formula Difference
ABB,Mar 2018,12.15888417222559,15.918738629472406,23.685764914353218,31.010041346721795,16.5976821192053,0.0,0,160.5,,0,0.0,1.365066225165563,189.0,29.0,ABB,Abbott India Ltd,34.9,46.0,11.21423508564678,14.989958653278205,Formula Difference
ABB,Mar 2019,12.231584669747214,16.444686055993476,22.410358565737052,30.12948207171315,15.300918055083304,0.0,0,359.0,,0,0.0,1.2509350561033663,212.0,31.0,ABB,Abbott India Ltd,34.9,46.0,12.489641434262946,15.870517928286851,Formula Difference
ABB,Mar 2020,14.488150500855118,18.49499144881505,24.39325380501851,29.04834996162701,16.718353538201296,0.07198683669271905,0,96.77777777777777,,0,175.0,1.153932901043135,279.0,90.0,ABB,Abbott India Ltd,34.9,46.0,10.506746194981488,16.95165003837299,Formula Difference
ABB,Mar 2021,16.03248259860789,21.392111368909514,26.5564950038432,33.46642468239565,17.994791666666668,0.058800922367409685,0,55.72222222222222,,0,153.0,1.1223958333333333,325.0,85.0,ABB,Abbott India Ltd,34.9,46.0,8.343504996156799,12.533575317604353,Formula Difference
ABB,Mar 2022,16.26297577854671,22.023203745165887,28.333333333333332,36.4064602960969,18.915719696969695,0.05390070921985816,0,61.31578947368421,,0,152.0,1.1631155303030303,376.0,73.0,ABB,Abbott India Ltd,34.9,46.0,6.566666666666666,9.593539703903097,Formula Difference
ABB,Mar 2023,17.74163395027108,22.546270330902974,29.767879548306148,36.53438352014541,20.82967515364355,0.03544542032622334,0,85.0,,0,113.0,1.1740561896400352,447.0,73.0,ABB,Abbott India Ltd,34.9,46.0,5.132120451693851,9.465616479854589,Formula Difference
ABB,Mar 2024,20.533424517011454,24.84185330825782,32.46823465801568,38.41882601797991,23.127286732139417,0.022438496891051634,0,141.75,,0,83.0,1.1263238975544,565.0,73.0,ABB,Abbott India Ltd,34.9,46.0,2.431765341984317,7.58117398202009,Source Difference
ADANIENSOL,Mar 2014,,,0.0,0.0,,0.0,0,,Debt Free,0,0.0,,0.0,,ADANIENSOL,Adani Energy Solutions Ltd,8.59,9.0,8.59,9.0,Formula Difference
ADANIENSOL,Mar 2015,-5.343511450381679,77.09923664122137,-0.6463527239150507,0.936572700296736,-0.06091193873999304,8.95752539242844,1,1.4246575342465753,,1,9701.0,0.011399234249912982,0.0,0.0,ADANIENSOL,Adani Energy Solutions Ltd,8.59,9.0,9.23635272391505,8.063427299703264,Formula Difference
ADANIENSOL,Mar 2016,16.773017319963536,87.83044667274385,13.77245508982036,17.118237541085545,3.1329814404903797,3.2129491017964074,0,2.0867293625914316,,0,8565.0,0.18678699131619275,3.0,0.0,ADANIENSOL,Adani Energy Solutions Ltd,8.59,9.0,5.18245508982036,8.118237541085545,Formula Difference
ADANIENSOL,Mar 2017,14.464534075104313,68.94993045897078,14.116050220563285,16.633115249119275,3.2472094293966123,3.045469969460468,0,2.2179203539823007,,0,8870.0,0.22449457497463118,4.0,0.0,ADANIENSOL,Adani Energy Solutions Ltd,8.59,9.0,5.526050220563285,7.633115249119275,Formula Difference
ADANIENSOL,Mar 2018,28.98073022312373,71.65314401622717,18.87072808320951,17.142857142857142,6.620330147697655,1.7216443784051512,0,3.31489841986456,,0,10428.0,0.22843903851723138,10.0,0.0,ADANIENSOL,Adani Energy Solutions Ltd,8.59,9.0,10.28072808320951,8.142857142857142,Formula Difference
ADANIENSOL,Mar 2021,12.996171670360667,39.79447914567802,14.46350487722839,10.967956905647803,2.9837627792940737,3.0378966251821953,0,2.3925366084081245,,0,26653.0,0.22958782439746495,11.0,0.0,ADANIENSOL,Adani Energy Solutions Ltd,8.59,9.0,5.87350487722839,1.967956905647803,Formula Difference
ADANIENT,Mar 2013,2.6264150943396225,12.983288409703503,5.692652832305104,6.636319548540694,1.0887540113166057,3.240418769863526,0,2.2325315005727377,,0,69009.0,0.41453996120531683,15.0,10.0,ADANIENT,Adani Enterprises Ltd,13.64,11.6,7.947347167694897,4.963680451459306,Formula Difference
ADANIENT,Mar 2016,2.9404845918607387,4.951776052693484,7.4749588877261175,5.174055980581928,2.399289810216176,1.4328748691882194,0,2.0103168754605747,,0,18364.0,0.8159504786583172,9.0,4.0,ADANIENT,Adani Enterprises Ltd,13.64,11.6,6.165041112273883,6.425944019418072,Formula Difference
ADANIENT,Mar 2017,2.5319574083705145,5.206251881860236,6.543576683644596,5.437081927848608,1.9428283379891202,1.4746745897000566,0,2.1089896579156724,,0,19804.0,0.7673226775325029,9.0,4.0,ADANIENT,Adani Enterprises Ltd,13.64,11.6,7.096423316355405,6.162918072151392,Formula Difference
ADANIENT,Mar 2018,1.653490702594366,5.673087629439929,3.936642587315263,6.227464401393387,1.0530981295984398,1.1688647359003248,0,1.9208,,0,16176.0,0.6368938923854268,7.0,6.0,ADANIENT,Adani Enterprises Ltd,13.64,11.6,9.703357412684738,5.372535598606612,Formula Difference
ADANIENT,Mar 2019,1.2531266252259838,4.876297085118502,3.429113580916238,7.57336820646948,1.1895805905585857,0.7619273515857956,0,1.5218461538461538,,0,9732.0,0.9492900131653188,7.0,6.0,ADANIENT,Adani Enterprises Ltd,13.64,11.6,10.210886419083764,4.02663179353052,Formula Difference
ADANIENT,Mar 2020,2.3961477317236133,5.285348939013432,6.136779370980115,7.811755090921474,2.2186666666666666,0.7328140673865581,0,2.013994910941476,,0,10467.0,0.9259306666666667,10.0,10.0,ADANIENT,Adani Enterprises Ltd,13.64,11.6,7.503220629019886,3.788244909078526,Formula Difference
ADANIENT,Mar 2021,2.645623087234742,6.338366593317652,6.0959263360335685,7.506140298328641,2.026464149408141,0.9456844804475786,0,2.178649237472767,,0,10724.0,0.7659685762442606,8.0,12.0,ADANIENT,Adani Enterprises Ltd,13.64,11.6,7.544073663966432,4.0938597016713585,Formula Difference
ADANIENT,Mar 2022,1.135119562085854,5.3500432152117545,3.5404591813811384,5.815756095269413,0.7756974386234324,1.8692546165251382,0,1.870942201108472,,0,37312.0,0.6833618805740949,7.0,14.0,ADANIENT,Adani Enterprises Ltd,13.64,11.6,10.099540818618863,5.7842439047305865,Formula Difference
ADANIENT,Mar 2023,1.899012074643249,6.913909361768857,7.328068742246831,10.223649580874424,1.7143504296493437,1.6096335965628876,0,2.431846812799194,,0,46890.0,0.9027590990812441,22.0,6.0,ADANIENT,Adani Enterprises Ltd,13.64,11.6,6.311931257753169,1.3763504191255755,Formula Difference
ADANIENT,Mar 2024,3.458790097592848,11.799296833677312,8.534650424813185,10.89897112639626,2.076768834144944,1.671358378544375,0,2.7492864983534577,,0,56609.0,0.6004321671876751,28.0,5.0,ADANIENT,Adani Enterprises Ltd,13.64,11.6,5.105349575186816,0.7010288736037396,Formula Difference
ADANIGREEN,Mar 2017,-9.362549800796813,80.2788844621514,-3.906899418121363,7.261261261261261,-0.762987012987013,3.6134663341645887,0,1.4461077844311376,,1,4321.0,0.08149350649350649,0.0,0.0,ADANIGREEN,Adani Green Energy Ltd,14.7,96.5,18.606899418121362,89.23873873873873,Formula Difference
ADANIGREEN,Mar 2018,-9.324324324324325,56.95945945945946,-10.290827740492169,7.523427041499331,-0.8784773060029283,7.355704697986577,1,1.6032608695652173,,0,9777.0,0.09421350818002419,-1.0,0.0,ADANIGREEN,Adani Green Energy Ltd,14.7,96.5,24.99082774049217,88.97657295850067,Formula Difference
ADANIGREEN,Mar 2019,-23.080660835762874,74.14965986394559,-24.573202276254527,11.671128107074571,-3.240551234820576,5.764097258147957,1,1.4264049955396967,,1,11065.0,0.14040114613180515,-3.0,0.0,ADANIGREEN,Adani Green Energy Ltd,14.7,96.5,39.27320227625452,84.82887189292543,Formula Difference
ADANIGREEN,Mar 2020,-2.6677128285602194,56.88505296194586,-2.8850233347475602,8.418974626952332,-0.36908380373425964,6.307170131523122,1,1.3457286432160804,,1,14390.0,0.13835214937038645,0.0,0.0,ADANIGREEN,Adani Green Energy Ltd,14.7,96.5,17.58502333474756,88.08102537304767,Formula Difference
ADANIGREEN,Mar 2021,5.8258642765685025,71.73495518565942,8.272727272727273,8.485743496535273,0.6343231562804963,11.004090909090909,1,1.3476702508960574,,1,23707.0,0.10888052418792694,1.0,0.0,ADANIGREEN,Adani Green Energy Ltd,14.7,96.5,6.427272727272726,88.01425650346472,Formula Difference
ADANIGREEN,Mar 2022,9.526592635885448,68.42002727449834,18.706962509563887,6.334090827111064,0.8294602571496421,20.211170619739864,1,1.5357279327474207,,0,52258.0,0.08706788343454218,3.0,0.0,ADANIGREEN,Adani Green Energy Ltd,14.7,96.5,4.006962509563888,90.16590917288893,Source Difference
ADANIGREEN,Mar 2023,12.512860082304528,63.91460905349794,13.321467688937568,8.07775448177223,1.4542139323558863,7.423740416210296,1,1.936447956028856,,0,53074.0,0.11621754920862665,6.0,0.0,ADANIGREEN,Adani Green Energy Ltd,14.7,96.5,1.3785323110624308,88.42224551822777,Source Difference
ADANIGREEN,Mar 2024,13.665943600867678,79.3709327548807,12.812690665039659,9.797568682054303,1.430420271098699,6.595281675818589,1,1.713943268078306,,0,63343.0,0.10467043571055559,7.0,0.0,ADANIGREEN,Adani Green Energy Ltd,14.7,96.5,1.8873093349603405,86.7024313179457,Source Difference
ADANIPORTS,Mar 2013,45.820519988817445,66.59211629857423,25.633406318423525,13.22304873986899,7.791775612075114,1.817328745699093,0,5.029520295202952,,0,11398.0,0.17004991680532447,8.0,12.0,ADANIPORTS,"Adani Ports & Special Economic Zone Ltd
",18.1,12.9,7.533406318423523,0.3230487398689892,Formula Difference
ADANIPORTS,Mar 2022,28.93276476429698,55.65745662713943,11.843332297171278,10.615446321137306,5.037222357822797,1.1461944955883407,0,4.465408805031447,,0,44774.0,0.1741009681881051,23.0,22.0,ADANIPORTS,"Adani Ports & Special Economic Zone Ltd
",18.1,12.9,6.256667702828723,2.284553678862695,Formula Difference
ADANIPORTS,Mar 2023,25.85363514291195,52.498561289084975,11.8773271056864,11.077380771682705,4.789317981930119,1.1772455881380952,0,4.771053745239103,,0,46002.0,0.18524737258246493,25.0,20.0,ADANIPORTS,"Adani Ports & Special Economic Zone Ltd
",18.1,12.9,6.222672894313602,1.8226192283172953,Formula Difference
ADANIPORTS,Mar 2013,45.820519988817445,66.59211629857423,25.633406318423525,13.22304873986899,7.791775612075114,1.817328745699093,0,5.029520295202952,,0,11398.0,0.17004991680532447,8.0,12.0,ADANIPORTS,"Adani Ports & Special Economic Zone Ltd
",18.1,12.9,7.533406318423523,0.3230487398689892,Formula Difference
ADANIPORTS,Mar 2022,28.93276476429698,55.65745662713943,11.843332297171278,10.615446321137306,5.037222357822797,1.1461944955883407,0,4.465408805031447,,0,44774.0,0.1741009681881051,23.0,22.0,ADANIPORTS,"Adani Ports & Special Economic Zone Ltd
",18.1,12.9,6.256667702828723,2.284553678862695,Formula Difference
ADANIPORTS,Mar 2023,25.85363514291195,52.498561289084975,11.8773271056864,11.077380771682705,4.789317981930119,1.1772455881380952,0,4.771053745239103,,0,46002.0,0.18524737258246493,25.0,20.0,ADANIPORTS,"Adani Ports & Special Economic Zone Ltd
",18.1,12.9,6.222672894313602,1.8226192283172953,Formula Difference
ADANIPOWER,Mar 2013,-34.294680215182304,14.34548714883443,-53.459119496855344,2.0829717063009894,-4.1965330602691635,9.735616119263918,1,0.6899588960657663,,1,41773.0,0.12236688121708601,-10.0,0.0,ADANIPOWER,Adani Power Ltd,57.1,32.2,110.55911949685535,30.117028293699015,Formula Difference
ADANIPOWER,Mar 2014,-1.8984864300626305,29.964770354906058,-4.447501146263182,9.060422543546446,-0.49541190691023,6.747669264863212,1,1.1364728495915426,,1,44035.0,0.2609509865676978,-1.0,0.0,ADANIPOWER,Adani Power Ltd,57.1,32.2,61.54750114626319,23.13957745645356,Formula Difference
ADANIPOWER,Mar 2015,-4.367606915377617,25.03880533104962,-14.253275109170305,9.26942358372798,-1.3954920135444813,7.815196506550218,1,1.2060032894736843,,1,44385.0,0.3195095256011219,-3.0,0.0,ADANIPOWER,Adani Power Ltd,57.1,32.2,71.35327510917031,22.930576416272025,Formula Difference
ADANIPOWER,Mar 2016,2.171257437837412,34.6849509398274,7.378146759507231,14.621991129126036,0.7269704725967755,7.06065881092662,1,1.5469424460431656,,0,52729.0,0.33481542074570547,2.0,0.0,ADANIPOWER,Adani Power Ltd,57.1,32.2,49.72185324049277,17.578008870873965,Formula Difference
ADANIPOWER,Mar 2017,-27.299257163070394,26.44145737530951,-205.79999999999998,10.77788191190253,-8.633636783152241,17.494666666666667,1,0.3920704845814978,,1,52320.0,0.31625903707121983,-16.0,0.0,ADANIPOWER,Adani Power Ltd,57.1,32.2,262.9,21.422118088097474,Formula Difference
ADANIPOWER,Mar 2018,-10.35756501182033,26.773049645390074,-236.55793025871765,10.118382845655573,-3.0246807041767347,59.43194600674916,1,1.111310592459605,,1,52835.0,0.29202623403520883,-5.0,0.0,ADANIPOWER,Adani Power Ltd,57.1,32.2,293.65793025871767,22.08161715434443,Formula Difference
ADANIPOWER,Mar 2019,-4.119912912409982,20.86333947412494,-12.759336099585061,9.11102172164119,-1.4473780981098772,6.091804979253112,1,1.313593777620647,,1,46977.0,0.3513127895859381,-3.0,0.0,ADANIPOWER,Adani Power Ltd,57.1,32.2,69.85933609958506,23.088978278358812,Formula Difference
ADANIPOWER,Mar 2020,-8.595284872298626,21.66389602538915,-35.102607622280516,9.296368352788587,-3.032322559146951,8.517049837987965,1,1.139604891815616,,1,55196.0,0.3527890703098967,-6.0,0.0,ADANIPOWER,Adani Power Ltd,57.1,32.2,92.20260762228051,22.903631647211416,Formula Difference
ADANIPOWER,Mar 2021,4.84344609282636,33.13374775942947,9.685045374818882,13.237445148707947,1.6115524198665077,4.005109433386716,0,2.0754014884449665,,0,52499.0,0.3327284724513362,3.0,0.0,ADANIPOWER,Adani Power Ltd,57.1,32.2,47.41495462518112,18.962554851292055,Formula Difference
ADANIPOWER,Mar 2022,17.725812854101257,35.6573201977554,26.613209080565635,14.61643146652466,5.991632207462705,2.662675407704394,0,3.3672771672771673,,0,48962.0,0.33801734548248985,13.0,0.0,ADANIPOWER,Adani Power Ltd,57.1,32.2,30.486790919434366,17.583568533475344,Formula Difference
ADANIPOWER,Mar 2023,27.666159440848016,26.038738297268715,35.90507430713616,13.978345748068563,12.499271740017011,1.4175257731958764,0,4.2927414517096585,,0,41696.0,0.4517891891262045,28.0,0.0,ADANIPOWER,Adani Power Ltd,57.1,32.2,21.19492569286384,18.22165425193144,Formula Difference
ADANIPOWER,Mar 2024,41.36759945184802,36.20186292228556,48.27674122146251,23.441056570774553,22.638002804073516,0.8023177656738903,0,8.297225501770956,,0,34242.0,0.5472399439185297,54.0,0.0,ADANIPOWER,Adani Power Ltd,57.1,32.2,8.823258778537493,8.75894342922545,Formula Difference
AMBUJACEM,Dec 2012,13.252641296543235,25.36670427736178,14.686825053995682,27.921418087388506,10.46577561765897,0.006820506991019666,0,32.58974358974359,,0,-1521.0,0.7897124341838802,8.0,43.0,AMBUJACEM,Ambuja Cements Ltd,9.24,12.8,5.446825053995681,15.121418087388506,Formula Difference
AMBUJACEM,Dec 2014,14.937217478653944,19.427423405323957,14.766633565044687,19.1409342834521,10.714800403516357,0.0033763654419066533,0,35.65151515151515,,0,-2063.0,0.7173223807465052,10.0,46.0,AMBUJACEM,Ambuja Cements Ltd,9.24,12.8,5.526633565044687,6.3409342834521,Formula Difference
AMBUJACEM,Dec 2017,8.238383667245541,16.34122580371892,9.408862229102168,18.641283339775804,5.477484581373736,0.0011609907120743034,0,20.354368932038835,,0,-129.0,0.6648736939930722,8.0,47.0,AMBUJACEM,Ambuja Cements Ltd,9.24,12.8,0.1688622291021673,5.841283339775803,Source Difference
AMBUJACEM,Dec 2018,11.416612265273992,15.402634307438271,13.29012069736254,17.89825970548862,7.951111229975128,0.001788109074653554,0,24.958823529411763,,0,-93.0,0.6964510176245621,11.0,14.0,AMBUJACEM,Ambuja Cements Ltd,9.24,12.8,4.050120697362539,5.098259705488619,Source Difference
AMBUJACEM,Dec 2019,10.267857142857142,16.960596221959857,11.558268959215882,19.059662506737425,6.926676290507243,0.0017027992358169283,0,30.576470588235296,,0,-109.0,0.6745980387276619,11.0,14.0,AMBUJACEM,Ambuja Cements Ltd,9.24,12.8,2.3182689592158816,6.259662506737424,Source Difference
AMBUJACEM,Dec 2020,12.673356175558819,20.41931799641051,13.65294195192688,21.551575684518685,7.822649680245733,0.02069692841762974,0,37.81428571428572,,0,304.0,0.6172516239488394,12.0,151.0,AMBUJACEM,Ambuja Cements Ltd,9.24,12.8,4.41294195192688,8.751575684518684,Source Difference
AMBUJACEM,Dec 2021,12.812014500258934,21.439668565510097,14.636743709079436,24.04088111184236,8.209268886185155,0.01881359943204228,0,44.26027397260274,,0,279.0,0.6407477048999004,14.0,45.0,AMBUJACEM,Ambuja Cements Ltd,9.24,12.8,5.396743709079436,11.24088111184236,Formula Difference
APOLLOHOSP,Mar 2016,3.8211382113821135,11.121951219512196,7.052821128451381,11.093091144988646,3.192934782608696,0.8505402160864346,0,4.311111111111111,,0,2482.0,0.8355978260869565,17.0,35.0,APOLLOHOSP,"Apollo Hospitals
Chain of Indian private hospitals",13.81,17.2,6.75717887154862,6.106908855011353,Formula Difference
APOLLOHOSP,Mar 2017,1.8054024255788312,10.115766262403527,3.952926976463488,11.399285603354558,1.6166851783290141,0.9429692214846107,0,3.0894941634241246,,0,2719.0,0.8954708132790324,16.0,38.0,APOLLOHOSP,"Apollo Hospitals
Chain of Indian private hospitals",13.81,17.2,9.857073023536513,5.800714396645441,Formula Difference
APOLLOHOSP,Mar 2018,0.7278903311901006,9.717335921387845,1.8450184501845017,11.992813295403504,0.6979990693345742,1.0538130381303814,0,2.7966101694915255,,0,3075.0,0.9589343880874825,8.0,59.0,APOLLOHOSP,"Apollo Hospitals
Chain of Indian private hospitals",13.81,17.2,11.964981549815498,5.207186704596495,Formula Difference
APOLLOHOSP,Mar 2019,2.0796506186960593,11.126130810023916,5.9988002399520095,15.270443841872414,2.181976871045167,1.1016796640671866,0,3.3516819571865444,,0,3211.0,1.0492035784420686,17.0,35.0,APOLLOHOSP,"Apollo Hospitals
Chain of Indian private hospitals",13.81,17.2,7.811199760047991,1.9295561581275855,Formula Difference
APOLLOHOSP,Mar 2020,3.841024273139504,14.145994487418868,12.934131736526947,22.93829296424452,3.826733988838692,1.0766467065868264,0,3.401500938086304,,0,3162.0,0.996279564177518,33.0,18.0,APOLLOHOSP,"Apollo Hospitals
Chain of Indian private hospitals",13.81,17.2,0.8758682634730537,5.738292964244522,Source Difference
APOLLOHOSP,Mar 2021,1.2973484848484849,10.795454545454545,2.976319791440365,13.009243409791168,1.2025983146067416,0.9037584184227677,0,2.7683741648106905,,0,2817.0,0.9269662921348315,10.0,29.0,APOLLOHOSP,"Apollo Hospitals
Chain of Indian private hospitals",13.81,17.2,10.833680208559635,4.1907565902088315,Formula Difference
APOLLOHOSP,Mar 2022,7.556434563186251,14.928732183045762,19.704783923172684,22.587968217934165,8.355327652514893,0.723457229237062,0,6.746701846965699,,0,3252.0,1.1057235502601614,73.0,16.0,APOLLOHOSP,"Apollo Hospitals
Chain of Indian private hospitals",13.81,17.2,5.8947839231726835,5.387968217934166,Formula Difference
ASIANPAINT,Mar 2013,11.043412033511043,16.536557501904035,34.2789598108747,47.785419532324624,17.099056603773587,0.0741725768321513,0,44.07142857142857,,0,-45.0,1.5483490566037736,12.0,40.0,ASIANPAINT,"Asian Paints
Indian Multi-National Paint and Coating Manufacturing Company",31.45,41.75,2.8289598108747036,6.0354195323246245,Source Difference
ASIANPAINT,Mar 2013,11.043412033511043,16.536557501904035,34.2789598108747,47.785419532324624,17.099056603773587,0.0741725768321513,0,44.07142857142857,,0,-45.0,1.5483490566037736,12.0,40.0,ASIANPAINT,"Asian Paints
Indian Multi-National Paint and Coating Manufacturing Company",31.45,41.75,2.8289598108747036,6.0354195323246245,Source Difference
ASIANPAINT,Mar 2017,13.384676669764971,19.87783826849024,26.512361914781696,36.67319941205292,16.251511487303507,0.07364544976328248,0,90.05405405405405,,0,-2092.0,1.2141878274889157,20.0,51.0,ASIANPAINT,"Asian Paints
Indian Multi-National Paint and Coating Manufacturing Company",31.45,41.75,4.937638085218303,5.076800587947083,Source Difference
ASIANPAINT,Mar 2017,13.384676669764971,19.87783826849024,26.512361914781696,36.67319941205292,16.251511487303507,0.07364544976328248,0,90.05405405405405,,0,-2092.0,1.2141878274889157,20.0,51.0,ASIANPAINT,"Asian Paints
Indian Multi-National Paint and Coating Manufacturing Company",31.45,41.75,4.937638085218303,5.076800587947083,Source Difference
ASIANPAINT,Mar 2018,12.469539375928678,19.043090638930163,24.94649227110583,35.826903723582696,15.243769526992661,0.0633769322235434,0,86.34146341463415,,0,-1608.0,1.2224805638305603,21.0,41.0,ASIANPAINT,"Asian Paints
Indian Multi-National Paint and Coating Manufacturing Company",31.45,41.75,6.503507728894171,5.923096276417304,Formula Difference
ASIANPAINT,Mar 2018,12.469539375928678,19.043090638930163,24.94649227110583,35.826903723582696,15.243769526992661,0.0633769322235434,0,86.34146341463415,,0,-1608.0,1.2224805638305603,21.0,41.0,ASIANPAINT,"Asian Paints
Indian Multi-National Paint and Coating Manufacturing Company",31.45,41.75,6.503507728894171,5.923096276417304,Formula Difference
ASIANPAINT,Mar 2019,11.476091476091476,19.56860706860707,23.3132720937599,34.89018626633305,13.588528524832297,0.13937282229965156,0,36.71818181818182,,0,-1249.0,1.1840728660225244,22.0,47.0,ASIANPAINT,"Asian Paints
Indian Multi-National Paint and Coating Manufacturing Company",31.45,41.75,8.1367279062401,6.859813733666947,Formula Difference
ASIANPAINT,Mar 2019,11.476091476091476,19.56860706860707,23.3132720937599,34.89018626633305,13.588528524832297,0.13937282229965156,0,36.71818181818182,,0,-1249.0,1.1840728660225244,22.0,47.0,ASIANPAINT,"Asian Paints
Indian Multi-National Paint and Coating Manufacturing Company",31.45,41.75,8.1367279062401,6.859813733666947,Formula Difference
ASIANPAINT,Mar 2021,14.769953484087875,22.36448210749321,25.042948617835393,34.93776530685661,15.755342667649227,0.0853506168983289,0,56.391304347826086,,0,-3644.0,1.0667157946450503,33.0,55.0,ASIANPAINT,"Asian Paints
Indian Multi-National Paint and Coating Manufacturing Company",31.45,41.75,6.407051382164607,6.812234693143388,Formula Difference
ASIANPAINT,Mar 2021,14.769953484087875,22.36448210749321,25.042948617835393,34.93776530685661,15.755342667649227,0.0853506168983289,0,56.391304347826086,,0,-3644.0,1.0667157946450503,33.0,55.0,ASIANPAINT,"Asian Paints
Indian Multi-National Paint and Coating Manufacturing Company",31.45,41.75,6.407051382164607,6.812234693143388,Formula Difference
ASIANPAINT,Mar 2022,10.60101027456101,16.50802377925157,22.335650159281784,31.19683096304955,13.437581670877256,0.11490008688097307,0,53.68421052631579,,0,-1661.0,1.2675755727850857,32.0,61.0,ASIANPAINT,"Asian Paints
Indian Multi-National Paint and Coating Manufacturing Company",31.45,41.75,9.114349840718216,10.55316903695045,Formula Difference
ASIANPAINT,Mar 2022,10.60101027456101,16.50802377925157,22.335650159281784,31.19683096304955,13.437581670877256,0.11490008688097307,0,53.68421052631579,,0,-1661.0,1.2675755727850857,32.0,61.0,ASIANPAINT,"Asian Paints
Indian Multi-National Paint and Coating Manufacturing Company",31.45,41.75,9.114349840718216,10.55316903695045,Formula Difference
ASIANPAINT,Mar 2023,12.163298442981821,18.150714720635566,26.231865932966482,34.92329149232915,16.272935334962565,0.12087293646823412,0,46.46527777777778,,0,-2329.0,1.3378719112455875,43.0,60.0,ASIANPAINT,"Asian Paints
Indian Multi-National Paint and Coating Manufacturing Company",31.45,41.75,5.2181340670335175,6.826708507670851,Formula Difference
ASIANPAINT,Mar 2023,12.163298442981821,18.150714720635566,26.231865932966482,34.92329149232915,16.272935334962565,0.12087293646823412,0,46.46527777777778,,0,-2329.0,1.3378719112455875,43.0,60.0,ASIANPAINT,"Asian Paints
Indian Multi-National Paint and Coating Manufacturing Company",31.45,41.75,5.2181340670335175,6.826708507670851,Formula Difference
ASIANPAINT,Mar 2024,15.658543456824905,21.3692069305536,29.677488252883382,35.774926893689276,18.588007090063876,0.1321016659547202,0,41.00487804878049,,0,-2114.0,1.187084044011906,57.0,58.0,ASIANPAINT,"Asian Paints
Indian Multi-National Paint and Coating Manufacturing Company",31.45,41.75,1.7725117471166172,5.975073106310724,Source Difference
ASIANPAINT,Mar 2024,15.658543456824905,21.3692069305536,29.677488252883382,35.774926893689276,18.588007090063876,0.1321016659547202,0,41.00487804878049,,0,-2114.0,1.187084044011906,57.0,58.0,ASIANPAINT,"Asian Paints
Indian Multi-National Paint and Coating Manufacturing Company",31.45,41.75,1.7725117471166172,5.975073106310724,Source Difference
ATGL,Mar 2018,11.790393013100436,26.637554585152838,15.94488188976378,15.501905972045742,5.779521940777738,1.3238188976377954,0,3.568,,0,1165.0,0.49018908312522297,6.0,0.0,ATGL,Adani Total Gas Ltd,20.5,21.2,4.55511811023622,5.698094027954257,Source Difference
ATGL,Mar 2019,13.321698662012798,26.46887725421757,20.780399274047188,30.414438502673796,11.181640625,0.35753176043557167,0,5.711111111111111,,0,218.0,0.83935546875,2.0,12.0,ATGL,Adani Total Gas Ltd,20.5,21.2,0.2803992740471877,9.214438502673797,Source Difference
ATGL,Mar 2020,23.253333333333334,31.733333333333334,29.63970088375255,31.332280147446024,17.60904684975767,0.2909585316111489,0,15.585365853658537,,0,146.0,0.7572697899838449,4.0,6.0,ATGL,Adani Total Gas Ltd,20.5,21.2,9.13970088375255,10.132280147446025,Formula Difference
ATGL,Mar 2021,27.299528301886795,41.509433962264154,23.94002068252327,28.583028826634187,14.450686641697876,0.27352637021716647,0,18.35,,0,112.0,0.529338327091136,4.0,6.0,ATGL,Adani Total Gas Ltd,20.5,21.2,3.4400206825232686,7.383028826634188,Source Difference
BAJAJ-AUTO,Mar 2013,15.645443196004994,18.257178526841447,38.84686918784873,44.688913335778025,24.782471127986078,0.014383137011779294,0,4446.0,,0,-5943.0,1.5840056953013764,108.0,42.0,BAJAJ-AUTO,Bajaj Auto Ltd,26.5,33.5,12.346869187848732,11.188913335778025,Formula Difference
BAJAJ-AUTO,Mar 2014,16.785022595222724,20.673387297015445,33.24481164551982,40.70995501662429,22.07995819179514,0.0058030884233303826,0,4837.0,,0,-8389.0,1.3154559707342566,117.0,43.0,BAJAJ-AUTO,Bajaj Auto Ltd,26.5,33.5,6.7448116455198175,7.209955016624292,Formula Difference
BAJAJ-AUTO,Mar 2017,18.7497127097219,20.358538267065043,22.843862007168457,24.638406764574988,18.8510952953138,0.006720430107526882,0,5897.0,,0,-15357.0,1.0054071540807838,141.0,39.0,BAJAJ-AUTO,Bajaj Auto Ltd,26.5,33.5,3.6561379928315425,8.861593235425012,Source Difference
BAJAJ-AUTO,Mar 2018,16.735422451408173,19.22253074176914,20.656058751529986,23.586099484084492,16.781353168131737,0.005924112607099143,0,6250.0,,0,-18774.0,1.0027445209021122,146.0,41.0,BAJAJ-AUTO,Bajaj Auto Ltd,26.5,33.5,5.8439412484700135,9.913900515915508,Formula Difference
BAJAJ-AUTO,Mar 2019,16.2329534224916,17.12234007510376,21.211208195239532,22.25361760424694,17.09093431365749,0.005380278052769767,0,1806.5,,0,-20478.0,1.0528542692654506,170.0,35.0,BAJAJ-AUTO,Bajaj Auto Ltd,26.5,33.5,5.288791804760468,11.24638239575306,Formula Difference
BAJAJ-AUTO,Mar 2020,17.42036832781844,17.076105484808984,24.06056689133044,23.448687350835325,19.660505469634103,0.005816637429600221,0,2313.6666666666665,,0,-19788.0,1.1285929837797057,180.0,67.0,BAJAJ-AUTO,Bajaj Auto Ltd,26.5,33.5,2.4394331086695615,10.051312649164675,Source Difference
BAJAJ-AUTO,Mar 2021,17.508381096571863,17.800367686817346,17.808821911780882,18.025845075563993,14.454496756145469,0.0044366223004436624,0,929.7142857142857,,0,-24566.0,0.8255758585798464,168.0,83.0,BAJAJ-AUTO,Bajaj Auto Ltd,26.5,33.5,8.691178088219118,15.474154924436007,Formula Difference
BAJAJ-AUTO,Mar 2022,18.60310755770101,15.866646553024587,20.650390167118793,17.540524314588755,17.561447979265758,0.004119360996684417,0,881.1111111111111,,0,-26511.0,0.9440061519182023,213.0,66.0,BAJAJ-AUTO,Bajaj Auto Ltd,26.5,33.5,5.849609832881207,15.959475685411245,Formula Difference
BAJAJ-AUTO,Mar 2023,16.62323412426279,17.734192840488273,20.638921054424088,21.925659635081054,17.247267759562842,0.004223145562291397,0,204.2,,0,-26059.0,1.037539845173042,214.0,65.0,BAJAJ-AUTO,Bajaj Auto Ltd,26.5,33.5,5.861078945575912,11.574340364918946,Formula Difference
BAJAJ-AUTO,Mar 2024,17.178515712057056,19.534209939826162,26.61418410330778,28.389583468290468,19.59129727531517,0.06601754022512257,0,174.41666666666666,,0,-26175.0,1.1404534363562424,276.0,29.0,BAJAJ-AUTO,Bajaj Auto Ltd,26.5,33.5,0.11418410330778173,5.110416531709532,Source Difference
AXISBANK,Mar 2017,8.259620133806294,53.450675766692115,6.525363604114934,4.077990192132123,0.6016727122862908,9.355037247250799,1,2.0353263193909847,,0,398419.0,0.07284508276883928,15.0,33.0,AXISBANK,Axis Bank Ltd,18.4,7.06,11.874636395885066,2.9820098078678763,Formula Difference
AXISBANK,Mar 2018,0.6028833551769331,63.11708169506335,0.42985967262136526,4.276736448244015,0.0392210918526708,9.522715591757908,1,2.632716330810614,,0,458388.0,0.06505585452953874,1.0,0.0,AXISBANK,Axis Bank Ltd,18.4,7.06,17.970140327378633,2.7832635517559847,Formula Difference
AXISBANK,Mar 2019,8.505801476739535,49.385298075873855,6.898026606884752,3.482312085950464,0.574537556845682,10.501106162060116,1,2.0674028941355673,,0,537940.0,0.06754655142338394,18.0,6.0,AXISBANK,Axis Bank Ltd,18.4,7.06,11.501973393115247,3.5776879140495357,Formula Difference
AXISBANK,Mar 2020,2.5975892073122058,55.984673106090845,1.8844104702339586,3.9681919977548357,0.17534746171885776,9.234850590687978,1,2.2559052584153956,,0,642055.0,0.06750392295489033,6.0,0.0,AXISBANK,Axis Bank Ltd,18.4,7.06,16.51558952976604,3.091808002245164,Formula Difference
AXISBANK,Mar 2021,10.400025258106274,50.119976004799035,6.359441666505782,3.3274816720729032,0.6581385707364099,8.210427244821128,1,2.588470319634703,,0,625215.0,0.06328240118680725,22.0,0.0,AXISBANK,Axis Bank Ltd,18.4,7.06,12.040558333494218,3.7325183279270964,Formula Difference
AXISBANK,Mar 2022,19.33152262641554,44.4691808777476,11.01377461716035,2.630082057296147,1.0892480968473273,8.632964375406939,1,1.968793114775639,,0,746335.0,0.056345695985629454,42.0,2.0,AXISBANK,Axis Bank Ltd,18.4,7.06,7.386225382839649,4.429917942703852,Formula Difference
AXISBANK,Mar 2023,11.248884505189986,34.15645108261707,7.381666037401469,2.2693531614057836,0.712575999428749,8.876784737365254,1,1.8029486464721551,,0,863943.0,0.06334636995339248,31.0,3.0,AXISBANK,Axis Bank Ltd,18.4,7.06,11.018333962598529,4.790646838594216,Formula Difference
BAJAJFINSV,Mar 2013,27.48603351955307,48.80198634388579,28.377339143809277,18.905400856057327,3.386874713171179,1.6650858754165598,0,3.2666112956810633,,0,-30260.0,0.12322166131252868,10.0,2.0,BAJAJFINSV,Bajaj Finserv Ltd,11.72,21.14,16.657339143809274,2.234599143942674,Formula Difference
BAJAJFINSV,Mar 2014,36.37722065415906,74.5641706790636,23.528780068728523,15.583469239043687,2.9455655190029977,2.0948238831615122,0,2.87708066581306,,0,-25807.0,0.08097280292539961,10.0,2.0,BAJAJFINSV,Bajaj Finserv Ltd,11.72,21.14,11.808780068728522,5.5565307609563135,Formula Difference
BAJAJFINSV,Mar 2015,21.25275694750772,48.619320688134096,21.724231220128054,14.734900136359991,2.730425715192456,2.372801875732708,0,2.4748878923766817,,0,-25055.0,0.12847395384685134,11.0,2.0,BAJAJFINSV,Bajaj Finserv Ltd,11.72,21.14,10.004231220128053,6.405099863640009,Formula Difference
BAJAJFINSV,Mar 2016,13.514829786197827,32.82033799249987,20.405912199426428,13.570004631400897,2.6695269886773576,2.651812633281859,0,2.3423705248522766,,0,-17636.0,0.19752575732797184,12.0,1.0,BAJAJFINSV,Bajaj Finserv Ltd,11.72,21.14,8.685912199426427,7.569995368599104,Formula Difference
BAJAJFINSV,Mar 2017,14.077610478638755,35.553107275472314,21.360906445421335,13.522573836388185,2.6824451459405663,2.989412420283574,0,2.344725511302476,,0,-14376.0,0.19054690780163902,14.0,1.0,BAJAJFINSV,Bajaj Finserv Ltd,11.72,21.14,9.640906445421335,7.617426163611816,Formula Difference
BAJAJFINSV,Mar 2018,12.707686689793682,32.82819061530034,20.387638529512277,12.518276126157488,2.585534380920539,3.2072938534394377,0,2.3811520635621277,,0,-3733.0,0.20346223856755452,17.0,1.0,BAJAJFINSV,Bajaj Finserv Ltd,11.72,21.14,8.667638529512276,8.621723873842512,Formula Difference
BAJAJFINSV,Mar 2019,12.61354301138364,35.29397957986152,22.636899747262003,12.176300063160964,2.5783483984877273,4.201937657961246,0,2.259125732311852,,0,18075.0,0.20441111558907632,20.0,1.0,BAJAJFINSV,Bajaj Finserv Ltd,11.72,21.14,10.916899747262002,8.963699936839037,Formula Difference
BAJAJFINSV,Mar 2020,11.028315946348734,33.59275818292212,19.148936170212767,11.518225519512471,2.385159010600707,4.0640214682767875,0,1.9218947368421053,,0,35391.0,0.21627590488014517,21.0,2.0,BAJAJFINSV,Bajaj Finserv Ltd,11.72,21.14,7.428936170212767,9.62177448048753,Formula Difference
BAJAJFINSV,Mar 2021,12.158370742012146,32.415170319514125,20.56098241696902,11.955006665002953,2.63252872125641,3.585291655037678,0,2.1171015742937245,,0,14807.0,0.21651985920777572,28.0,1.0,BAJAJFINSV,Bajaj Finserv Ltd,11.72,21.14,8.840982416969018,9.184993334997047,Formula Difference
BAJAJFINSV,Mar 2022,12.153904628248984,31.364207818027655,20.657440306109773,10.651554417006743,2.4936040286371557,4.004745695331329,0,2.2289957420292867,,0,41957.0,0.20516896461745643,29.0,1.0,BAJAJFINSV,Bajaj Finserv Ltd,11.72,21.14,8.937440306109773,10.488445582993258,Formula Difference
BAJAJFINSV,Mar 2023,14.877181011794521,36.39243590993274,26.310685887904846,11.546669140842457,3.011832728582317,4.573986683043507,0,2.4126817447495963,,0,76089.0,0.2024464665849369,40.0,2.0,BAJAJFINSV,Bajaj Finserv Ltd,11.72,21.14,14.590685887904845,9.593330859157543,Formula Difference
BAJAJFINSV,Mar 2024,14.128209309488865,37.04045949520755,25.850351412279537,11.706431579821395,2.9018542467180857,4.789368120938867,0,2.197130112323319,,0,120548.0,0.2053943414307379,51.0,2.0,BAJAJFINSV,Bajaj Finserv Ltd,11.72,21.14,14.130351412279536,9.433568420178606,Formula Difference
BAJAJHLDNG,Mar 2013,550.7418397626113,95.54896142433235,17.941034316094733,3.112614789753504,17.22505800464037,0.0,0,,Debt Free,0,-9577.0,0.03127610208816705,167.0,15.0,BAJAJHLDNG,Bajaj Holdings & Investment Ltd,14.8,13.1,3.141034316094732,9.987385210246496,Source Difference
BAJAJHLDNG,Mar 2014,469.97635933806146,94.56264775413712,16.56804733727811,3.3336111342611883,15.97043701799486,0.0,0,,Debt Free,0,-11325.0,0.03398136246786632,179.0,17.0,BAJAJHLDNG,Bajaj Holdings & Investment Ltd,14.8,13.1,1.7680473372781087,9.766388865738811,Source Difference
BAJAJHLDNG,Mar 2015,387.2137404580153,92.36641221374046,15.149705069812589,3.6138281191667287,14.604477074785862,0.0,0,,Debt Free,0,-13078.0,0.037716835816598286,182.0,19.0,BAJAJHLDNG,Bajaj Holdings & Investment Ltd,14.8,13.1,0.34970506981258787,9.486171880833272,Source Difference
BAJAJHLDNG,Mar 2016,481.9148936170213,91.27659574468086,14.810697704832275,2.805204995749689,14.639348500517062,0.0,0,,Debt Free,0,-13276.0,0.030377456049638055,204.0,16.0,BAJAJHLDNG,Bajaj Holdings & Investment Ltd,14.8,13.1,0.010697704832274724,10.294795004250311,Source Difference
BAJAJHLDNG,Mar 2017,293.70546318289786,74.58432304038006,13.879223257380177,3.5245257604669433,13.824137738274917,0.0,0,,Debt Free,0,-17364.0,0.047068030633350105,222.0,15.0,BAJAJHLDNG,Bajaj Holdings & Investment Ltd,14.8,13.1,0.9207767426198235,9.575474239533056,Source Difference
BAJAJHLDNG,Mar 2018,632.1428571428571,84.52380952380952,10.535296218404032,1.408674258957978,10.506945268906566,0.0,0,,Debt Free,0,-24575.0,0.016621156357592308,239.0,17.0,BAJAJHLDNG,Bajaj Holdings & Investment Ltd,14.8,13.1,4.264703781595969,11.691325741042021,Source Difference
BAJAJHLDNG,Mar 2019,707.1925754060325,80.51044083526682,11.308993766696348,1.2874740279014545,11.285545023696683,0.0,0,,Debt Free,0,-26257.0,0.0159582345971564,274.0,12.0,BAJAJHLDNG,Bajaj Holdings & Investment Ltd,14.8,13.1,3.4910062333036525,11.812525972098545,Source Difference
BAJAJHLDNG,Mar 2020,708.0459770114943,69.19540229885057,11.093901955840508,1.0776556514267301,9.410614439793456,0.006051219248640277,0,258.38461538461536,,0,-31900.0,0.013290965199058938,269.0,15.0,BAJAJHLDNG,Bajaj Holdings & Investment Ltd,14.8,13.1,3.706098044159493,12.02234434857327,Source Difference
BAJAJHLDNG,Mar 2021,799.562363238512,77.02407002188184,9.831301961417386,0.9436238372248881,8.032534622994064,0.0036591600075335648,0,950.75,,0,-44778.0,0.010046163992086172,328.0,12.0,BAJAJHLDNG,Bajaj Holdings & Investment Ltd,14.8,13.1,4.968698038582614,12.156376162775112,Source Difference
BAJAJHLDNG,Mar 2022,852.4793388429752,75.82644628099173,9.630736193455022,0.8543626035943757,7.69948495931925,0.0026609401988702676,0,1421.0,,0,-52850.0,0.009031872807344929,364.0,32.0,BAJAJHLDNG,Bajaj Holdings & Investment Ltd,14.8,13.1,5.169263806544979,12.245637396405623,Formula Difference
BAJAJHLDNG,Mar 2023,947.5095785440614,72.79693486590038,11.194604137431535,0.8582721626199887,9.299090020305332,0.0021049296093431716,0,721.8571428571429,,0,-52462.0,0.009814243814394224,436.0,28.0,BAJAJHLDNG,Bajaj Holdings & Investment Ltd,14.8,13.1,3.605395862568466,12.241727837380012,Source Difference
BAJAJHLDNG,Mar 2024,432.7262044653349,91.7743830787309,13.576787656460265,2.8760817529000184,11.302773131167417,0.0011613545449517945,0,3764.5,,0,-64652.0,0.026119918356071883,653.0,20.0,BAJAJHLDNG,Bajaj Holdings & Investment Ltd,14.8,13.1,1.2232123435397355,10.22391824709998,Source Difference
BAJFINANCE,Mar 2015,16.654302670623146,32.49258160237389,18.708333333333332,5.569861707200763,2.7394752898108603,5.553125,1,68.34615384615384,,0,26329.0,0.16449054301403296,18.0,10.0,BAJFINANCE,Bajaj Finance Ltd,22.1,11.9,3.3916666666666693,6.330138292799237,Source Difference
BAJFINANCE,Mar 2016,17.522948349088914,32.25099328675161,17.220950585700823,5.295599748042832,2.7228407808741193,4.985189174633096,0,68.02857142857142,,0,35996.0,0.1553871372916356,24.0,10.0,BAJFINANCE,Bajaj Finance Ltd,22.1,11.9,4.879049414299178,6.604400251957168,Source Difference
BAJFINANCE,Mar 2017,18.415245737211634,32.59779338014042,19.125,5.52251486830926,2.8808586088402817,5.130208333333333,1,149.04545454545453,,0,45180.0,0.15643878175456213,33.0,11.0,BAJFINANCE,Bajaj Finance Ltd,22.1,11.9,2.9750000000000014,6.37748513169074,Source Difference
BAJFINANCE,Mar 2018,19.58261415345991,32.28463831790366,15.749621403331652,4.993629027364845,2.9434656477747114,4.1997097425542655,0,414.6,,0,63418.0,0.15031014882426472,43.0,9.0,BAJFINANCE,Bajaj Finance Ltd,22.1,11.9,6.3503785966683495,6.906370972635155,Formula Difference
BAJFINANCE,Mar 2019,21.609779845296696,29.501812084167252,20.2822764888054,4.496846271179454,3.215731729894634,5.1575366807127985,1,422.15384615384613,,0,92989.0,0.1488090925921454,69.0,9.0,BAJFINANCE,Bajaj Finance Ltd,22.1,11.9,1.8177235111946004,7.403153728820547,Source Difference
BAJFINANCE,Mar 2020,19.959050580116784,34.72738302874043,16.283098243009157,5.649031048392071,3.2021217706565444,4.015280871071517,0,1020.8888888888889,,0,112262.0,0.1604345736688748,87.0,11.0,BAJFINANCE,Bajaj Finance Ltd,22.1,11.9,5.816901756990845,6.25096895160793,Formula Difference
BAJFINANCE,Mar 2021,16.5710643722116,40.63659880778315,11.972479549271359,6.43065641463762,2.577710386656558,3.5655777669429547,0,3621.0,,0,113237.0,0.15555490756400536,73.0,14.0,BAJFINANCE,Bajaj Finance Ltd,22.1,11.9,10.127520450728642,5.46934358536238,Formula Difference
BAJFINANCE,Mar 2022,22.211687367655887,37.546221674409786,16.07759705350811,5.685706764938141,3.3072007378615194,3.779928167821929,0,-700.6470588235294,,1,152986.0,0.14889461944603918,116.0,17.0,BAJFINANCE,Bajaj Finance Ltd,22.1,11.9,6.022402946491891,6.214293235061859,Formula Difference
BAJFINANCE,Mar 2023,27.7897177078554,30.65127623095313,21.16530567203708,4.682692520530359,4.181291011750343,3.985323328183624,0,-2546.4,,1,193938.0,0.15046180230065473,190.0,16.0,BAJFINANCE,Bajaj Finance Ltd,22.1,11.9,0.934694327962923,7.217307479469642,Source Difference
BAJFINANCE,Mar 2024,26.287928399912687,29.285818234737686,18.841921351830603,4.350587230638684,3.845990067652804,3.824788776468134,0,2689.1666666666665,,0,262465.0,0.14630251608816688,233.0,15.0,BAJFINANCE,Bajaj Finance Ltd,22.1,11.9,3.2580786481693984,7.549412769361316,Source Difference
BANKBARODA,Mar 2015,8.794389402204164,29.981075364577535,9.400733019182256,1.903318864566976,0.5381720679159525,15.838045599504975,1,2.4716461736098365,,0,540744.0,0.06119493273530382,18.0,18.0,BANKBARODA,Bank of Baroda,16.7,6.33,7.299266980817743,4.426681135433024,Formula Difference
BANKBARODA,Mar 2016,-10.98932291098059,55.440075110810284,-11.841517069383338,3.8294881598216692,-0.7281823798093965,14.599816483542337,1,4.233144192256342,,0,491642.0,0.06626271570214692,-22.0,0.0,BANKBARODA,Bank of Baroda,16.7,6.33,28.54151706938334,2.500511840178331,Formula Difference
BANKBARODA,Mar 2017,4.171070087468801,43.28468958694039,4.307242204007709,2.7835376522269746,0.25791973482236213,15.057909768500243,1,2.4240897064382008,,0,507783.0,0.06183538742185936,8.0,15.0,BANKBARODA,Bank of Baroda,16.7,6.33,12.39275779599229,3.5464623477730255,Formula Difference
BANKBARODA,Mar 2018,-3.986451276706618,56.654941809970474,-3.9427908774642444,3.6296890845026337,-0.24552150586523597,14.437808701627796,1,3.2623873873873874,,0,497174.0,0.061588989510508216,-7.0,0.0,BANKBARODA,Bank of Baroda,16.7,6.33,20.642790877464243,2.7003109154973663,Formula Difference
BANKBARODA,Mar 2019,2.203908819415567,48.79408762711223,2.1201541930322207,3.269989815720272,0.14225236985616163,13.354716706669576,1,3.271839736274883,,0,538740.0,0.06454548781826833,4.0,0.0,BANKBARODA,Bank of Baroda,16.7,6.33,14.579845806967779,3.060010184279728,Formula Difference
BANKBARODA,Mar 2020,1.2434248051207302,51.439254705621394,1.2890255439924314,3.5441037128248123,0.08175442836486976,14.046318196152633,1,3.327700762857846,,0,779254.0,0.06574939475888278,2.0,0.0,BANKBARODA,Bank of Baroda,16.7,6.33,15.410974456007567,2.785896287175188,Formula Difference
BANKBARODA,Mar 2021,2.1799391770056786,51.22857065963344,1.9662580410243962,3.3116932260345884,0.13470062785459316,12.95270057045758,1,2.591475454483557,,0,785314.0,0.061791002829544674,3.0,0.0,BANKBARODA,Bank of Baroda,16.7,6.33,14.733741958975603,3.0183067739654117,Formula Difference
BANKBARODA,Mar 2022,10.810111058118144,51.12488928255093,8.635121749447583,2.9375195740682742,0.5919614721357251,12.902404510770772,1,2.6060437651962487,,0,837744.0,0.05475998062861488,15.0,19.0,BANKBARODA,Bank of Baroda,16.7,6.33,8.064878250552416,3.392480425931726,Formula Difference
BHARTIARTL,Mar 2013,2.9461837368578374,29.838720158030853,4.50498787806526,19.61420834116421,1.43508261062227,1.326179404634156,0,5.337242752821421,,0,59026.0,0.48709881623092993,4.0,17.0,BHARTIARTL,Bharti Airtel Ltd,14.9,13.1,10.395012121934741,6.5142083411642115,Formula Difference
BHARTIARTL,Mar 2014,3.516025342401938,30.87673530233858,5.05221233014258,19.544127620676438,1.6634342009565162,1.2700984001606532,0,4.999659806089471,,0,60365.0,0.47310074273246205,5.0,26.0,BHARTIARTL,Bharti Airtel Ltd,14.9,13.1,9.847787669857421,6.444127620676438,Formula Difference
BHARTIARTL,Mar 2015,5.252806942695706,34.96529692719118,12.690750936470824,27.276121826092602,2.7745563073337767,2.097066143751414,0,7.837381916329285,,0,72663.0,0.5282045081043647,8.0,33.0,BHARTIARTL,Bharti Airtel Ltd,14.9,13.1,2.2092490635291764,14.176121826092603,Source Difference
BHARTIARTL,Mar 2016,7.140637301620188,35.2049061451125,10.323498577205331,20.299135088641467,3.0707616094657686,1.5073536019170286,0,4.545050315937281,,0,88669.0,0.4300402722834028,11.0,9.0,BHARTIARTL,Bharti Airtel Ltd,14.9,13.1,4.576501422794669,7.199135088641468,Source Difference
BHARTIARTL,Mar 2017,4.442326224494071,37.00716470440357,6.286967994426079,20.21803198947037,1.8254835960434226,1.5904650369865247,0,3.880067036765476,,0,92949.0,0.41092965797470754,7.0,11.0,BHARTIARTL,Bharti Airtel Ltd,14.9,13.1,8.61303200557392,7.118031989470369,Formula Difference
BHARTIARTL,Mar 2018,2.6428199760403683,36.398068708479045,3.1408643129359315,16.630268315742335,0.8752770307909956,1.60112173725462,0,3.413574951747802,,0,95175.0,0.33119056111509654,2.0,194.0,BHARTIARTL,Bharti Airtel Ltd,14.9,13.1,11.759135687064068,3.530268315742335,Formula Difference
BHARTIARTL,Mar 2019,2.0896261450854174,31.894033176528847,2.3633843439788302,13.088071688739197,0.6159999416113799,1.7561289780602887,0,2.8467331952551307,,0,109717.0,0.29478954551757863,1.0,244.0,BHARTIARTL,Bharti Airtel Ltd,14.9,13.1,12.53661565602117,0.01192831126080307,Formula Difference
BHARTIARTL,Mar 2020,-35.02895852134477,41.821359622568224,-39.748525503921186,16.244181867393166,-8.53933961029377,1.9214207012768163,0,-0.08326186392224127,,1,122752.0,0.2437794319545742,-55.0,-3.0,BHARTIARTL,Bharti Airtel Ltd,14.9,13.1,54.648525503921185,3.1441818673931667,Formula Difference
BHARTIARTL,Mar 2021,-12.28830404707005,45.00178897988392,-20.972639221074417,20.420045278662204,-3.58983441583894,2.7612674503417978,0,2.7210920416142073,,0,135235.0,0.2921342442446221,-26.0,0.0,BHARTIARTL,Bharti Airtel Ltd,14.9,13.1,35.872639221074415,7.320045278662205,Formula Difference
BHARTIARTL,Mar 2022,7.125880546045801,49.36549203325697,12.478588815097515,24.354871482271665,2.299235618357341,2.5494786188658836,0,3.742778045257583,,0,140329.0,0.32265985985875134,7.0,39.0,BHARTIARTL,Bharti Airtel Ltd,14.9,13.1,2.4214111849024853,11.254871482271666,Source Difference
BHARTIARTL,Mar 2023,8.830356822020196,51.22282511049624,15.84131609143535,23.477599206806705,2.7638750486439307,2.914018281912768,0,3.7457512953367877,,0,193066.0,0.3129969835139251,15.0,27.0,BHARTIARTL,Bharti Airtel Ltd,14.9,13.1,0.9413160914353504,10.377599206806705,Source Difference
BHARTIARTL,Mar 2024,5.706018055499993,52.20093077836007,10.35839213740181,26.253894054880604,1.9361158683224027,2.6094723973904306,0,3.3055457435535147,,0,183990.0,0.3393112060793767,13.0,62.0,BHARTIARTL,Bharti Airtel Ltd,14.9,13.1,4.541607862598191,13.153894054880604,Source Difference
BEL,Mar 2013,14.522556990275785,10.664753706360592,15183.333333333334,2230.0,2024.4444444444443,4.0,0,184.42857142857142,,0,24.0,139.4,1.0,20.0,BEL,Bharat Electronics Ltd,26.3,34.6,15157.033333333335,2195.4,Formula Difference
BEL,Mar 2014,14.605707272169377,14.191469776004908,13600.0,3303.5714285714284,2069.5652173913045,3.0,0,194.71428571428572,,0,21.0,141.69565217391303,1.0,20.0,BEL,Bharat Electronics Ltd,26.3,34.6,13573.7,3268.9714285714285,Formula Difference
BEL,Mar 2015,16.875793035387,16.622021711546594,17100.0,3572.7272727272725,2442.8571428571427,3.7142857142857144,0,240.85714285714286,,0,26.0,144.75510204081633,2.0,20.0,BEL,Bharat Electronics Ltd,26.3,34.6,17073.7,3538.1272727272726,Formula Difference
BEL,Mar 2016,18.18058199619255,18.94207234158281,11141.666666666668,3764.8648648648646,2571.153846153846,2.0833333333333335,0,196.6,,0,25.0,141.42307692307693,2.0,31.0,BEL,Bharat Electronics Ltd,26.3,34.6,11115.366666666669,3730.2648648648646,Formula Difference
BEL,Mar 2017,17.594731977818853,20.70240295748614,10153.333333333334,4072.7272727272725,1977.922077922078,1.9333333333333333,0,122.88888888888889,,0,29.0,112.41558441558442,2.0,33.0,BEL,Bharat Electronics Ltd,26.3,34.6,10127.033333333335,4038.1272727272726,Formula Difference
BEL,Mar 2018,13.758292471877704,19.603884241899816,4616.129032258064,2581.012658227848,1182.6446280991736,1.5483870967741935,0,372.5,,0,48.0,85.95867768595042,2.0,34.0,BEL,Bharat Electronics Ltd,26.3,34.6,4589.829032258064,2546.412658227848,Formula Difference
BEL,Mar 2019,15.512989148306477,23.914830647813222,3851.020408163265,3030.208333333333,1497.6190476190477,0.9591836734693877,0,186.375,,0,47.0,96.53968253968254,3.0,44.0,BEL,Bharat Electronics Ltd,26.3,34.6,3824.720408163265,2995.608333333333,Formula Difference
BEL,Mar 2020,14.073103022825418,21.275447254781,3318.181818181818,2786.868686868687,1495.9016393442623,0.8,0,357.25,,0,44.0,106.29508196721312,3.0,37.0,BEL,Bharat Electronics Ltd,26.3,34.6,3291.881818181818,2752.268686868687,Formula Difference
BEL,Mar 2021,14.88411652136934,22.779785952229073,3559.322033898305,2975.925925925926,1381.578947368421,0.8305084745762712,0,333.9,,0,49.0,92.82236842105263,3.0,46.0,BEL,Bharat Electronics Ltd,26.3,34.6,3533.022033898305,2941.325925925926,Formula Difference
BEL,Mar 2022,15.616866215512754,21.759500260281104,3478.260869565217,2633.070866141732,1472.3926380368098,0.8405797101449275,0,397.3333333333333,,0,58.0,94.28220858895706,3.0,46.0,BEL,Bharat Electronics Ltd,26.3,34.6,3451.960869565217,2598.470866141732,Formula Difference
BEL,Mar 2023,16.837712867937295,23.063042742754032,3981.333333333333,3587.7192982456136,2073.611111111111,0.52,0,230.05263157894737,,0,39.0,123.15277777777777,4.0,44.0,BEL,Bharat Electronics Ltd,26.3,34.6,3955.033333333333,3553.1192982456137,Formula Difference
BEL,Mar 2024,19.661535425300965,24.921057825143084,4744.047619047619,3977.165354330709,2475.1552795031057,0.5119047619047619,0,476.75,,0,42.0,125.88819875776397,5.0,40.0,BEL,Bharat Electronics Ltd,26.3,34.6,4717.747619047619,3942.565354330709,Formula Difference
BHEL,Mar 2013,13.686276915526655,19.39144837740016,21.90906412648532,28.522874244292716,9.319390682001726,0.08831712985695113,0,82.9296875,,0,2692.0,0.6809295719735999,18.0,20.0,BHEL,"Bharat Heavy Electricals Limited
",1.05,3.28,20.85906412648532,25.242874244292715,Formula Difference
BHEL,Mar 2014,8.852152372285838,11.574530471929426,10.557414609146544,12.093281216987112,4.648816556265016,0.14147900274336017,0,46.58646616541353,,0,4687.0,0.5251622837875509,10.0,20.0,BHEL,"Bharat Heavy Electricals Limited
",1.05,3.28,9.507414609146544,8.813281216987113,Formula Difference
BHEL,Mar 2016,-2.768084689276612,-5.320525387178984,-2.1847439269689,-4.172046977802373,-1.0765969775988533,0.006529475475785239,0,0.375,,1,-585.0,0.3889320950943166,-2.0,-14.0,BHEL,"Bharat Heavy Electricals Limited
",1.05,3.28,3.2347439269689,7.4520469778023735,Source Difference
BHEL,Mar 2020,-6.839677584680613,-0.6196710618273308,-5.12212142358688,-0.3941908713692946,-2.4348576072714003,0.17725052337752967,0,0.7455138662316476,,1,4918.0,0.35599011461080426,-4.0,0.0,BHEL,"Bharat Heavy Electricals Limited
",1.05,3.28,6.17212142358688,3.6741908713692943,Formula Difference
BHEL,Mar 2021,-15.59882142238142,-17.615113524755905,-10.391409767925182,-9.856468610590289,-4.824874910650465,0.1905476657814725,0,-5.687366167023555,,1,4766.0,0.30931022158684773,-8.0,0.0,BHEL,"Bharat Heavy Electricals Limited
",1.05,3.28,11.441409767925183,13.136468610590288,Formula Difference
BOSCHLTD,Mar 2015,11.070660268078768,16.390865464173423,18.211514904042467,26.562080986859748,12.82714984181766,0.015108207431604737,0,179.85714285714286,,0,-2779.0,1.1586616815262198,426.0,20.0,BOSCHLTD,Bosch Ltd,16.0,20.6,2.211514904042467,5.962080986859746,Source Difference
BOSCHLTD,Mar 2020,6.604348709611868,15.068075594391384,7.011866235167206,15.871147260273974,4.87987987987988,0.007982740021574973,0,137.8,,0,-3968.0,0.7388888888888889,220.0,48.0,BOSCHLTD,Bosch Ltd,16.0,20.6,8.988133764832794,4.728852739726028,Formula Difference
BOSCHLTD,Mar 2021,4.959868285655484,11.967483021197777,4.9068512674335745,11.774830414093348,3.262488154866658,0.005497302249821846,0,65.85714285714286,,0,-5103.0,0.6577771761202111,164.0,70.0,BOSCHLTD,Bosch Ltd,16.0,20.6,11.093148732566426,8.825169585906654,Formula Difference
BOSCHLTD,Mar 2022,10.329315905618742,12.408759124087592,11.386601796407184,13.58609794628752,7.897469175859831,0.0068300898203592815,0,63.89655172413793,,0,-5455.0,0.764568462037638,413.0,51.0,BOSCHLTD,Bosch Ltd,16.0,20.6,4.613398203592816,7.013902053712481,Source Difference
BPCL,Mar 2013,0.7994021000821699,2.770242091658718,11.540983606557377,13.436273331731154,2.4313055709047067,1.9765722801788375,0,3.256949960285941,,0,25687.0,3.0414050334053346,4.0,42.0,BPCL,Bharat Petroleum Corporation Ltd,41.9,32.1,30.359016393442623,18.663726668268847,Formula Difference
BPCL,Mar 2014,1.5327829484042492,3.5602316003645704,20.848765432098766,17.90006084575601,4.581731856206195,1.705349794238683,0,5.4278506559031285,,0,26167.0,2.9891589418946416,9.0,31.0,BPCL,Bharat Petroleum Corporation Ltd,41.9,32.1,21.051234567901233,14.199939154243992,Formula Difference
BPCL,Mar 2015,2.0948235352311233,4.031360522345609,22.524598883077743,20.352103883131477,5.887259331340794,1.1298643737257335,0,10.082203389830509,,0,17780.0,2.81038437478279,11.0,34.0,BPCL,Bharat Petroleum Corporation Ltd,41.9,32.1,19.375401116922255,11.747896116868525,Formula Difference
BPCL,Mar 2016,4.306897745121529,6.906264142906584,29.103403612290425,25.342893986167013,9.359885214412996,0.8414765776786357,0,21.888235294117646,,0,13987.0,2.173231353127676,19.0,25.0,BPCL,Bharat Petroleum Corporation Ltd,41.9,32.1,12.796596387709574,6.757106013832988,Formula Difference
BPCL,Mar 2017,4.723951682227666,6.84866162155716,30.847853596807163,20.712611204616493,8.715142181398162,1.1591875141957884,0,23.71264367816092,,0,14398.0,1.844883853106723,20.0,49.0,BPCL,Bharat Petroleum Corporation Ltd,41.9,32.1,11.052146403192836,11.387388795383508,Formula Difference
BPCL,Mar 2018,4.150999385319739,6.493143135717163,26.740216827330077,20.62117989175799,8.13586360463957,1.0284005570878505,0,15.382799325463743,,0,13934.0,1.9599770680315065,21.0,46.0,BPCL,Bharat Petroleum Corporation Ltd,41.9,32.1,15.159783172669922,11.478820108242012,Formula Difference
BPCL,Mar 2019,2.859576294488073,5.067297955241997,21.999226106023475,18.075690158365628,6.228181645560376,1.1566877337804722,0,10.253401360544217,,0,19932.0,2.1780085593678336,18.0,48.0,BPCL,Bharat Petroleum Corporation Ltd,41.9,32.1,19.900773893976524,14.024309841634373,Formula Difference
BPCL,Mar 2020,1.2882504251999494,3.1538591287969298,10.035037775101282,8.798329542780959,2.4300676123558262,1.792291689477718,0,3.931740614334471,,0,38447.0,1.8863316982632905,7.0,106.0,BPCL,Bharat Petroleum Corporation Ltd,41.9,32.1,31.86496222489872,23.301670457219043,Formula Difference
BPCL,Mar 2021,7.524840227483046,9.124086005621908,32.340584445896745,19.429718652566912,10.759234181068221,1.0182429278312015,0,16.535113174695297,,0,27764.0,1.4298289207220862,37.0,102.0,BPCL,Bharat Petroleum Corporation Ltd,41.9,32.1,9.559415554103253,12.67028134743309,Formula Difference
BPCL,Mar 2022,3.3685995311297003,5.518309298684223,22.50650226375108,16.435215005281737,6.229436513819196,1.243309893073885,0,9.23867996930161,,0,40918.0,1.849265980195063,27.0,29.0,BPCL,Bharat Petroleum Corporation Ltd,41.9,32.1,19.393497736248918,15.664784994718264,Formula Difference
BPCL,Mar 2023,0.45035049568141133,2.3033177158290488,3.9815403011845594,8.868329834496901,1.1328538241126156,1.2962146407084938,0,3.4539385847797064,,0,42598.0,2.5154936765386027,5.0,40.0,BPCL,Bharat Petroleum Corporation Ltd,41.9,32.1,37.91845969881544,23.2316701655031,Formula Difference
BPCL,Mar 2024,5.994201967046283,9.837909494446341,35.511337343822305,33.84830382235054,13.26907686075349,0.7218747934157467,0,11.355507351168956,,0,27968.0,2.213651947949293,62.0,33.0,BPCL,Bharat Petroleum Corporation Ltd,41.9,32.1,6.388662656177694,1.748303822350536,Formula Difference
BRITANNIA,Mar 2013,4.203718674211803,6.806790622473727,46.59498207885305,44.882729211087415,13.807753584705257,0.6810035842293907,0,11.536585365853659,,0,272.0,3.2846521508231548,11.0,39.0,BRITANNIA,Britannia Industries Ltd,57.1,48.9,10.505017921146951,4.017270788912583,Formula Difference
BRITANNIA,Mar 2014,5.713872414291914,9.069868363951974,49.49874686716792,66.13924050632912,18.74703369719981,0.18796992481203006,0,82.625,,0,-48.0,3.280968201233982,16.0,36.0,BRITANNIA,Britannia Industries Ltd,57.1,48.9,7.601253132832085,17.239240506329118,Formula Difference
BRITANNIA,Mar 2015,8.768134385339781,11.071519470603207,55.34136546184739,62.589928057553955,24.668814894378805,0.11646586345381527,0,274.5,,0,-373.0,2.8134622269960614,29.0,28.0,BRITANNIA,Britannia Industries Ltd,57.1,48.9,1.758634538152613,13.689928057553956,Source Difference
BRITANNIA,Mar 2016,9.824937477670597,14.576634512325832,39.4359464627151,55.06072874493927,23.611906124785346,0.06261950286806883,0,267.8,,0,-657.0,2.403262736119061,34.0,29.0,BRITANNIA,Britannia Industries Ltd,57.1,48.9,17.6640535372849,6.16072874493927,Formula Difference
BRITANNIA,Mar 2017,9.774685222001326,14.115308151093439,32.826409495548965,45.30308401276143,21.538087125821367,0.046364985163204746,0,285.8,,0,-362.0,2.2034558286687758,37.0,30.0,BRITANNIA,Britannia Industries Ltd,57.1,48.9,24.273590504451036,3.5969159872385674,Formula Difference
BRITANNIA,Mar 2018,10.127092999798265,15.14020576961872,29.47739283617146,41.613529248683115,19.35235158057055,0.05901350557839107,0,208.375,,0,-878.0,1.9109483423284503,42.0,30.0,BRITANNIA,Britannia Industries Ltd,57.1,48.9,27.62260716382854,7.286470751316884,Formula Difference
BRITANNIA,Mar 2019,10.44776119402985,15.66711895070104,27.157300728897248,39.283284191426624,18.515549855722988,0.03667999059487421,0,215.33333333333334,,0,-1320.0,1.7722026290477717,48.0,31.0,BRITANNIA,Britannia Industries Ltd,57.1,48.9,29.942699271102754,9.616715808573375,Formula Difference
BRITANNIA,Mar 2020,12.017241379310345,15.887931034482758,31.66023166023166,31.021713516243054,17.803320561941252,0.3493072904837611,0,27.350649350649352,,0,-1355.0,1.4814814814814814,58.0,60.0,BRITANNIA,Britannia Industries Ltd,57.1,48.9,25.439768339768342,17.878286483756945,Formula Difference
BRITANNIA,Mar 2022,10.724391624221845,15.570175438596493,59.26505082095387,43.67930144870014,20.14082635844294,0.9698983580922595,0,16.82638888888889,,0,719.0,1.8780390593862097,63.0,89.0,BRITANNIA,Britannia Industries Ltd,57.1,48.9,2.1650508209538657,5.220698551299861,Source Difference
BRITANNIA,Mar 2023,14.207717317955954,17.36703269738053,65.53480475382003,43.3471137651202,24.767404555662495,0.8480475382003395,0,20.284023668639055,,0,-327.0,1.743236017538231,96.0,75.0,BRITANNIA,Britannia Industries Ltd,57.1,48.9,8.434804753820025,5.5528862348798,Formula Difference
CANBK,Mar 2013,8.790724977986498,21.182858820076316,11.896250397203687,1.798781703620992,0.7142448321584265,14.936447410231967,1,2.1822853688029022,,0,248506.0,0.08124982114069311,12.0,19.0,CANBK,Canara Bank,17.9,6.63,6.0037496027963115,4.831218296379008,Formula Difference
CANBK,Mar 2014,6.7525903462218855,24.351781652767247,8.854718981972429,2.0155243061438353,0.5332375421580954,14.843352332979851,1,2.3248069498069497,,0,312468.0,0.07896785008681076,10.0,19.0,CANBK,Canara Bank,17.9,6.63,9.04528101802757,4.614475693856164,Formula Difference
CANBK,Mar 2015,6.689795266245178,23.513569032022456,9.020682014034225,1.9365389676303622,0.52474407313117,15.37264557429521,1,2.1764208747094864,,0,347366.0,0.07843948166528812,11.0,17.0,CANBK,Canara Bank,17.9,6.63,8.879317985965773,4.693461032369638,Formula Difference
CANBK,Mar 2016,-5.756261495492632,40.38465905220373,-7.821659981487196,3.2988822567062743,-0.44968734755421524,15.634433816723234,1,3.3739080896315987,,0,354242.0,0.07812142445341257,-9.0,0.0,CANBK,Canara Bank,17.9,6.63,25.721659981487193,3.3311177432937256,Formula Difference
CANBK,Mar 2017,3.403526545577345,37.84885544057698,4.06804093988756,2.755015863595901,0.23668182481519193,15.420441112873,1,1.9965613856342332,,0,372785.0,0.06954017300753658,5.0,4.0,CANBK,Canara Bank,17.9,6.63,13.831959060112439,3.874984136404099,Formula Difference
CANBK,Mar 2018,-9.367517233039061,61.874470915467406,-10.496788356776973,4.259031420803692,-0.6133647960597687,15.279182589370409,1,3.4536361178696944,,0,406312.0,0.06547784015773594,-11.0,0.0,CANBK,Canara Bank,17.9,6.63,28.396788356776973,2.370968579196308,Formula Difference
CANBK,Mar 2019,1.4514817209234425,56.72874392609122,1.8466926689484995,4.012952622611031,0.09778261071141064,16.98548648146674,1,2.7433128091248613,,0,471488.0,0.06736744204343177,2.0,0.0,CANBK,Canara Bank,17.9,6.63,16.0533073310515,2.6170473773889693,Formula Difference
CANBK,Mar 2020,-3.8606081311923472,53.87769046805603,-4.661942435567636,3.779236963190184,-0.2590904186447993,16.215356986846576,1,2.2699381303500297,,0,475525.0,0.0671112969356927,-4.0,0.0,CANBK,Canara Bank,17.9,6.63,22.561942435567634,2.850763036809816,Formula Difference
CANBK,Mar 2021,4.2090729221527905,61.82938806883692,4.73802275276398,3.86653824790281,0.25069094731844616,17.000448646050312,1,1.8804037078749025,,0,774807.0,0.05955965885006019,4.0,0.0,CANBK,Canara Bank,17.9,6.63,13.161977247236019,2.76346175209719,Formula Difference
CANBK,Mar 2022,8.720650295975302,58.39493584841533,8.802046854676176,3.428857953728088,0.4892003346073091,16.18939123225797,1,1.7432643911517152,,0,821279.0,0.056096772374083344,7.0,19.0,CANBK,Canara Bank,17.9,6.63,9.097953145323823,3.201142046271912,Formula Difference
CHOLAFIN,Mar 2013,11.98443579766537,26.770428015564203,15.778688524590164,3.995122234481157,1.6897081413210446,7.822233606557377,1,706.0,,0,15097.0,0.14099188062321702,4.0,16.0,CHOLAFIN,Cholamandalam Investment & Finance Company Ltd,20.2,10.4,4.421311475409835,6.404877765518844,Source Difference
CHOLAFIN,Mar 2014,11.222933821286977,28.42329978652028,16.09094884127678,4.577153521265101,1.708132194578537,7.903366856143419,1,950.0,,0,18036.0,0.1522001485332343,5.0,14.0,CHOLAFIN,Cholamandalam Investment & Finance Company Ltd,20.2,10.4,4.109051158723219,5.822846478734899,Source Difference
CHOLAFIN,Mar 2015,11.951547779273216,28.559892328398384,16.598130841121495,4.68950276243094,1.860231271995978,7.457943925233645,1,,Debt Free,0,19925.0,0.15564772917714095,6.0,11.0,CHOLAFIN,Cholamandalam Investment & Finance Company Ltd,20.2,10.4,3.601869158878504,5.710497237569061,Source Difference
CHOLAFIN,Mar 2016,13.64499288087328,30.042714760322735,15.66757493188011,4.8291119926762285,2.0617447739252035,6.143324250681199,1,643.5,,0,22530.0,0.15109899960557927,7.0,12.0,CHOLAFIN,Cholamandalam Investment & Finance Company Ltd,20.2,10.4,4.53242506811989,5.570888007323772,Source Difference
CHOLAFIN,Mar 2017,15.296122709842352,28.163613123135917,16.70544439274081,4.660016214882442,2.3465585986012156,5.600511865984179,1,448.6666666666667,,0,23889.0,0.15340871952415192,9.0,12.0,CHOLAFIN,Cholamandalam Investment & Finance Company Ltd,20.2,10.4,3.4945556072591906,5.739983785117558,Source Difference
CHOLAFIN,Mar 2018,16.51376146788991,26.101816873538407,17.912195121951218,3.339086411230008,2.078474879434872,7.479024390243903,1,,Debt Free,0,38307.0,0.12586320103244503,12.0,11.0,CHOLAFIN,Cholamandalam Investment & Finance Company Ltd,20.2,10.4,2.2878048780487816,7.060913588769992,Source Difference
CHOLAFIN,Mar 2019,16.840180078784467,22.960045019696118,19.281572164948454,2.8745046235138707,2.0821012349973906,8.145457474226804,1,1659.0,,0,50525.0,0.12363889372064707,15.0,8.0,CHOLAFIN,Cholamandalam Investment & Finance Company Ltd,20.2,10.4,0.9184278350515456,7.52549537648613,Source Difference
CHOLAFIN,Mar 2020,12.098255280073463,27.789256198347108,12.853658536585366,3.830393165097698,1.6453838708670268,6.707926829268293,1,,Debt Free,0,54972.0,0.13600174841549845,13.0,13.0,CHOLAFIN,Cholamandalam Investment & Finance Company Ltd,20.2,10.4,7.346341463414634,6.569606834902302,Formula Difference
CHOLAFIN,Mar 2021,15.871856412396953,30.397579046227698,15.84375,3.972453293331515,2.0376721504742514,6.638541666666667,1,52.410714285714285,,0,62147.0,0.12838272332672418,19.0,11.0,CHOLAFIN,Cholamandalam Investment & Finance Company Ltd,20.2,10.4,4.356249999999999,6.427546706668485,Source Difference
CHOLAFIN,Mar 2022,21.225857311785575,28.83326763894363,18.302319653326535,3.6148894901350337,2.6116055190475036,5.87764465969921,1,35.17857142857143,,0,67119.0,0.12303887097165304,26.0,8.0,CHOLAFIN,Cholamandalam Investment & Finance Company Ltd,20.2,10.4,1.8976803466734644,6.785110509864967,Source Difference
CHOLAFIN,Mar 2023,20.684570009313877,28.104625892579943,18.576606719643106,3.241602807419609,2.3453932604046575,6.786421302105117,1,16.581818181818182,,0,93796.0,0.113388543215961,32.0,6.0,CHOLAFIN,Cholamandalam Investment & Finance Company Ltd,20.2,10.4,1.6233932803568933,7.1583971925803915,Source Difference
CHOLAFIN,Mar 2024,17.846892448990243,28.10102802275218,17.455213596692694,3.495209907313654,2.1827093677801463,6.863420609401317,1,21.211764705882352,,0,130439.0,0.12230192869816066,41.0,5.0,CHOLAFIN,Cholamandalam Investment & Finance Company Ltd,20.2,10.4,2.7447864033073053,6.904790092686346,Source Difference
CIPLA,Mar 2013,18.661674115231307,73.25763981157145,17.130502272979268,60.73502904065692,13.252702007205352,0.10721809513249805,0,24.86530612244898,,0,-1565.0,0.7101561159718648,19.0,10.0,CIPLA,"Cipla Ltd
",16.8,22.8,0.3305022729792668,37.935029040656914,Source Difference
CIPLA,Mar 2014,13.80123857269242,78.89511451882434,13.968759327430105,71.03283476413841,10.477611940298507,0.1241667495771565,0,32.059760956175296,,0,539.0,0.7591791044776119,17.0,12.0,CIPLA,"Cipla Ltd
",16.8,22.8,2.831240672569896,48.23283476413842,Source Difference
CIPLA,Mar 2015,10.832966064345527,80.94314676068753,11.377522680985003,73.43462614954018,7.84301212507977,0.15765598963154973,0,56.109756097560975,,0,1063.0,0.7239948947032546,15.0,14.0,CIPLA,"Cipla Ltd
",16.8,22.8,5.422477319014998,50.63462614954018,Formula Difference
CIPLA,Mar 2016,10.029006526468455,82.01595358955765,12.00833550403751,67.64758657814463,6.570383391134971,0.45168012503256055,0,54.46153846153846,,0,4443.0,0.6551380113069505,17.0,12.0,CIPLA,"Cipla Ltd
",16.8,22.8,4.791664495962491,44.84758657814463,Source Difference
CIPLA,Mar 2017,7.190496040016674,82.65944143393081,8.250956632653061,71.42942906885995,4.959509320044084,0.3278858418367347,0,57.28365384615385,,0,3140.0,0.6897311802194642,13.0,16.0,CIPLA,"Cipla Ltd
",16.8,22.8,8.54904336734694,48.62942906885995,Formula Difference
CIPLA,Mar 2018,9.349432567959884,81.3473211929269,9.958535385480358,67.27233044142523,6.249724341728047,0.2880033733923677,0,44.1,,0,2839.0,0.668460283156177,18.0,17.0,CIPLA,"Cipla Ltd
",16.8,22.8,6.8414646145196425,44.47233044142523,Formula Difference
CIPLA,Mar 2019,9.118689646742451,81.07199608849774,9.938715694111377,68.63100165562915,6.278932749768538,0.2875033306687983,0,27.849056603773583,,0,1762.0,0.6885784024913728,19.0,16.0,CIPLA,"Cipla Ltd
",16.8,22.8,6.861284305888624,45.83100165562915,Formula Difference
CIPLA,Mar 2020,8.755545178613122,81.28648143824422,9.515955084692001,74.95559502664298,6.403961917773129,0.17864619678995114,0,40.53779069767442,,0,1345.0,0.731417837168595,19.0,21.0,CIPLA,"Cipla Ltd
",16.8,22.8,7.284044915308,52.155595026642985,Formula Difference
CIPLA,Mar 2021,12.468684759916492,77.80271398747391,13.036123540325221,73.28908554572271,9.611748139207403,0.10989850485648806,0,56.12406015037594,,0,-696.0,0.7708710521021928,30.0,17.0,CIPLA,"Cipla Ltd
",16.8,22.8,3.76387645967478,50.489085545722716,Source Difference
CIPLA,Mar 2022,11.703349722005237,79.08376602490466,12.221102634230602,78.59980819290314,9.483561082771716,0.05066935367784655,0,174.06060606060606,,0,-1495.0,0.8103287783445656,31.0,16.0,CIPLA,"Cipla Ltd
",16.8,22.8,4.578897365769398,55.79980819290314,Source Difference
CIPLA,Mar 2023,12.45110534874522,77.90621017008746,12.103216986371597,73.21767864518793,9.668941979522184,0.03430597684453369,0,60.57337883959045,,0,-2859.0,0.7765529010238907,35.0,24.0,CIPLA,"Cipla Ltd
",16.8,22.8,4.696783013628403,50.417678645187934,Source Difference
CIPLA,Mar 2024,16.11701714906495,75.59168153953597,15.554557028383135,71.45791307537137,12.768573448498447,0.020931625851868495,0,35.33876811594203,,0,-4890.0,0.7922417237881536,51.0,25.0,CIPLA,"Cipla Ltd
",16.8,22.8,1.2454429716168658,48.65791307537137,Source Difference
COALINDIA,Mar 2013,25.41030408620412,73.51946473800565,35.80623865324311,100.88193342306688,15.638431111071066,0.026922759531275788,0,5.740630712979891,,0,-1090.0,0.6154365983979528,27.0,51.0,COALINDIA,Coal India Ltd,52.0,63.6,16.193761346756887,37.28193342306688,Formula Difference
COALINDIA,Mar 2014,21.402673917969636,74.83854520734195,35.63814734459013,124.0946878962942,14.400884331700622,0.0041977171964908975,0,7.374389733575115,,0,-3597.0,0.6728544473879815,24.0,121.0,COALINDIA,Coal India Ltd,52.0,63.6,16.36185265540987,60.4946878962942,Formula Difference
COALINDIA,Mar 2015,18.519967620075555,76.60145709660011,34.01729735087849,139.2924609307917,12.336991201344514,0.010110772433276337,0,8.645357686453577,,0,-2405.0,0.6661453980065968,22.0,95.0,COALINDIA,Coal India Ltd,52.0,63.6,17.982702649121507,75.6924609307917,Formula Difference
COALINDIA,Mar 2016,18.323679377351947,75.96486045645446,40.95828668216921,164.15130994671404,12.563402606551602,0.034421382022794475,0,9.963125105236571,,0,-1707.0,0.6856375484325467,23.0,121.0,COALINDIA,Coal India Ltd,52.0,63.6,11.04171331783079,100.55130994671404,Formula Difference
COALINDIA,Mar 2017,11.872473261347935,84.0745100046057,37.84974304592544,238.68952491646084,7.8254783407962085,0.12293009217717596,0,12.364936042136945,,0,1531.0,0.6591278976616324,15.0,133.0,COALINDIA,Coal India Ltd,52.0,63.6,14.150256954074557,175.08952491646085,Formula Difference
COALINDIA,Mar 2018,8.25629956360565,89.10421847871991,34.87957181088314,349.7697550193406,5.60926429214719,0.07622162751511548,0,15.269748743718592,,0,-166.0,0.6793920507527635,11.0,146.0,COALINDIA,Coal India Ltd,52.0,63.6,17.120428189116858,286.1697550193406,Formula Difference
COALINDIA,Mar 2019,17.536601530335588,74.88904062820076,66.01398601398601,260.1744287458573,13.128754106494464,0.08353808353808354,0,12.787795680493657,,0,-960.0,0.7486487096022433,28.0,46.0,COALINDIA,Coal India Ltd,52.0,63.6,14.013986013986013,196.57442874585732,Formula Difference
COALINDIA,Mar 2020,17.38134887593672,77.53955037468776,51.93270516528283,193.05019305019303,11.131849086788428,0.20008085331343098,0,11.56455617628802,,0,4461.0,0.64044794027463,27.0,44.0,COALINDIA,Coal India Ltd,52.0,63.6,0.06729483471716691,129.45019305019304,Source Difference
COALINDIA,Mar 2021,14.109257325661476,79.3081998533757,34.78284681526918,168.3835668128862,7.886942645497388,0.16112602004490936,0,19.085783003741316,,0,-66.0,0.5589906302972351,21.0,78.0,COALINDIA,Coal India Ltd,52.0,63.6,17.21715318473082,104.78356681288619,Formula Difference
COALINDIA,Mar 2022,15.839219796746114,77.46889668687052,40.27999907285075,182.1698780461667,9.684790120154261,0.08145006142363767,0,21.99120538023797,,0,-5407.0,0.6114436344992086,28.0,60.0,COALINDIA,Coal India Ltd,52.0,63.6,11.72000092714925,118.5698780461667,Formula Difference
COALINDIA,Mar 2023,22.94578016954547,68.00624945751237,52.13911214108443,144.25998097400804,14.328623823375308,0.07118320924346268,0,14.33719512195122,,0,-2808.0,0.6244557263907207,52.0,47.0,COALINDIA,Coal India Ltd,52.0,63.6,0.13911214108443204,80.65998097400805,Source Difference
COALINDIA,Mar 2024,26.25628846856468,66.29380849329698,45.16982956605826,105.7129732333927,15.802850255846407,0.0788468512027076,0,11.24178180085755,,0,-587.0,0.6018691588785047,61.0,42.0,COALINDIA,Coal India Ltd,52.0,63.6,6.830170433941738,42.1129732333927,Formula Difference
DABUR,Mar 2013,12.47557003257329,16.156351791530945,36.563245823389025,30.560690080098585,16.266723295816522,0.5494033412887828,0,18.508474576271187,,0,222.0,1.3038861754087916,4.0,34.0,DABUR,Dabur India Ltd,19.2,22.3,17.363245823389025,8.260690080098584,Formula Difference
DABUR,Mar 2014,12.978180787758573,16.463587418532164,34.48795180722892,34.54221165279429,17.24397590361446,0.26656626506024095,0,23.85185185185185,,0,-368.0,1.3286897590361446,5.0,33.0,DABUR,Dabur India Ltd,19.2,22.3,15.287951807228918,12.242211652794293,Formula Difference
DABUR,Mar 2015,13.701090442591404,16.93393200769724,31.84257602862254,32.28962818003914,17.490992466426466,0.21884317233154443,0,36.85,,0,-1079.0,1.2766131673763512,6.0,33.0,DABUR,Dabur India Ltd,19.2,22.3,12.642576028622539,9.989628180039137,Formula Difference
DABUR,Mar 2016,16.118251928020566,19.511568123393317,30.064732678014867,30.5064308681672,18.09001731102135,0.19299928074802206,0,36.145833333333336,,0,-1886.0,1.122331217541835,7.0,32.0,DABUR,Dabur India Ltd,19.2,22.3,10.864732678014867,8.2064308681672,Formula Difference
DABUR,Mar 2017,16.811137378513266,19.858156028368796,26.408087476789767,25.97045688766747,16.554578375581997,0.20115535382710956,0,33.48148148148148,,0,-2265.0,0.9847387480600104,7.0,31.0,DABUR,Dabur India Ltd,19.2,22.3,7.208087476789768,3.67045688766747,Formula Difference
DABUR,Mar 2019,16.981796829125074,20.434527304756312,25.67471590909091,27.483809824672246,17.13879340997985,0.12411221590909091,0,32.7,,0,-2660.0,1.0092449922958397,8.0,34.0,DABUR,Dabur India Ltd,19.2,22.3,6.474715909090911,5.183809824672245,Formula Difference
DIVISLAB,Mar 2013,28.065268065268068,38.04195804195804,24.070371851259495,32.202052091554854,19.17808219178082,0.013194722111155539,0,287.0,,0,-375.0,0.6833386428798981,23.0,33.0,DIVISLAB,Divis Laboratories Ltd,12.2,16.5,11.870371851259495,15.702052091554854,Formula Difference
DIVISLAB,Mar 2014,30.529225908372826,40.20537124802528,26.07962213225371,34.13816230717639,20.835579514824797,0.006072874493927126,0,362.0,,0,-484.0,0.6824797843665769,29.0,34.0,DIVISLAB,Divis Laboratories Ltd,12.2,16.5,13.879622132253711,17.638162307176387,Formula Difference
DIVISLAB,Mar 2015,27.351524879614768,37.65650080256822,24.37070938215103,33.29548680102186,19.3416572077185,0.007723112128146453,0,403.6666666666667,,0,-706.0,0.7071509648127128,32.0,31.0,DIVISLAB,Divis Laboratories Ltd,12.2,16.5,12.170709382151031,16.79548680102186,Formula Difference
DIVISLAB,Mar 2016,29.81991525423729,37.6853813559322,26.22874446773818,32.825836216839676,22.988975091874234,0.009783368273934312,0,303.2,,0,-761.0,0.7709269089424254,42.0,24.0,DIVISLAB,Divis Laboratories Ltd,12.2,16.5,14.028744467738182,16.325836216839676,Formula Difference
DIVISLAB,Mar 2017,26.08267716535433,35.67913385826771,19.787194325182007,26.88670498794734,17.221770917952885,0.006720179204778794,0,507.3333333333333,,0,-1595.0,0.6602761982128351,40.0,25.0,DIVISLAB,Divis Laboratories Ltd,12.2,16.5,7.587194325182008,10.38670498794734,Formula Difference
DIVISLAB,Mar 2019,27.355438738374442,37.88920339668419,19.448037947391118,26.532634857709187,16.83673469387755,0.015236452493891045,0,405.6,,0,-1840.0,0.6154803384768541,51.0,31.0,DIVISLAB,Divis Laboratories Ltd,12.2,16.5,7.2480379473911185,10.032634857709187,Formula Difference
DIVISLAB,Mar 2020,25.528364849833146,33.852428624397476,18.83720930232558,24.84691794802014,16.14113234087446,0.00533515731874145,0,287.42857142857144,,0,-932.0,0.6322822646817489,52.0,31.0,DIVISLAB,Divis Laboratories Ltd,12.2,16.5,6.63720930232558,8.346917948020138,Formula Difference
DIVISLAB,Mar 2021,28.46893384990673,41.13933132443679,21.34480903711673,30.827956989247312,18.419831027759727,0.0005379236148466917,0,1462.0,,0,5.0,0.6470151332281125,75.0,27.0,DIVISLAB,Divis Laboratories Ltd,12.2,16.5,9.14480903711673,14.327956989247312,Formula Difference
DIVISLAB,Mar 2022,33.035714285714285,43.359375,25.2387448840382,33.1145584725537,22.15568862275449,0.00034106412005457026,0,1998.5,,0,-68.0,0.6706586826347305,112.0,27.0,DIVISLAB,Divis Laboratories Ltd,12.2,16.5,13.038744884038202,16.614558472553703,Formula Difference
DLF,Mar 2015,6.628317427114655,39.40384363969146,1.8524608133289489,5.811352768779885,0.7651444266698862,0.8949906828894004,0,1.5264756944444444,,0,23872.0,0.11543569466662643,3.0,66.0,DLF,DLF Ltd,6.95,5.74,5.097539186671051,0.07135276877988517,Formula Difference
DLF,Mar 2016,3.07273826314729,39.955671972597216,1.2671901616186798,8.039243508402084,0.4940951578674529,1.049648926004404,0,1.6686567164179105,,0,3954.0,0.1607996241636832,2.0,117.0,DLF,DLF Ltd,6.95,5.74,5.682809838381321,2.2992435084020837,Formula Difference
DLF,Mar 2018,66.75115550916952,35.455494259728646,12.678768655659708,4.503617287223969,7.3896178922175455,0.49534139503270935,0,4.1003049813622505,,0,-3341.0,0.11070396962944623,25.0,8.0,DLF,DLF Ltd,6.95,5.74,5.7287686556597075,1.236382712776031,Formula Difference
DLF,Mar 2020,-9.699161597895776,18.839388459641622,-1.7127761488663744,2.693301997649824,-1.0556450169976739,0.23523093447905477,0,1.598458304134548,,0,-10463.0,0.10883879048130256,-2.0,-85.0,DLF,DLF Ltd,6.95,5.74,8.662776148866374,3.046698002350176,Formula Difference
DMART,Mar 2016,3.727865796831314,7.735321528424977,21.038790269559502,24.474751197935866,10.31592520954223,0.7836949375410914,0,7.483516483516484,,0,1163.0,2.7672469374597033,6.0,0.0,DMART,Avenue Supermarts Ltd,14.5,19.4,6.538790269559502,5.074751197935868,Formula Difference
DMART,Mar 2018,5.361537949843678,9.000199560965875,17.262797172842152,26.487862176977288,14.270538243626063,0.09402441636324695,0,24.016666666666666,,0,371.0,2.6616501416430594,13.0,0.0,DMART,Avenue Supermarts Ltd,14.5,19.4,2.762797172842152,7.087862176977289,Source Difference
DMART,Mar 2019,4.508872781804548,8.162959260184955,16.144621442634687,25.974232543343405,12.874678846702825,0.12529085376767496,0,35.765957446808514,,0,683.0,2.8554096488723952,14.0,0.0,DMART,Avenue Supermarts Ltd,14.5,19.4,1.644621442634687,6.574232543343406,Source Difference
DMART,Mar 2021,4.5520440707451435,7.227767883030278,9.020026263952726,13.874532877474754,8.048333943610398,0.032255416940249505,0,46.166666666666664,,0,390.0,1.7680703039179788,17.0,0.0,DMART,Avenue Supermarts Ltd,14.5,19.4,5.479973736047274,5.525467122525244,Formula Difference
DRREDDY,Mar 2017,9.101155255001409,17.413355874894336,10.536617191322787,14.388824214202561,5.966565068809458,0.4010764964932311,0,33.46835443037975,,0,2808.0,0.655583264062067,16.0,26.0,DRREDDY,Dr Reddys Laboratories Ltd,21.4,26.5,10.863382808677212,12.111175785797439,Formula Difference
DRREDDY,Mar 2018,6.631188292136406,16.462432602758913,7.532612153993,13.325398174913564,4.237326054857041,0.40335666560610883,0,31.72151898734177,,0,2773.0,0.6389995078079556,11.0,35.0,DRREDDY,Dr Reddys Laboratories Ltd,21.4,26.5,13.867387846006999,13.174601825086436,Formula Difference
DRREDDY,Mar 2019,12.622993267736923,20.572242361470742,13.904734740444951,17.791960586720414,8.698367383352663,0.27367370222475756,0,39.98876404494382,,0,1251.0,0.6890891248104202,23.0,17.0,DRREDDY,Dr Reddys Laboratories Ltd,21.4,26.5,7.4952652595550475,8.708039413279586,Formula Difference
DRREDDY,Mar 2020,11.565907404235885,14.140549180795798,12.988012052054618,13.908697849401989,8.724109718813246,0.14167574844541317,0,32.11224489795919,,0,-468.0,0.7542953106833742,24.0,21.0,DRREDDY,Dr Reddys Laboratories Ltd,21.4,26.5,8.41198794794538,12.591302150598011,Formula Difference
DRREDDY,Mar 2021,10.247795044099119,20.338093238135237,11.06513236211099,18.74032507739938,7.341657890777794,0.17181565670880336,0,43.391752577319586,,0,819.0,0.7164134195877839,23.0,21.0,DRREDDY,Dr Reddys Laboratories Ltd,21.4,26.5,10.334867637889008,7.75967492260062,Formula Difference
DRREDDY,Mar 2022,10.127639823624971,17.488976560686933,11.35748490526754,16.675517790759425,7.335440059167619,0.17613991255465333,0,45.03125,,0,768.0,0.7242990654205608,26.0,23.0,DRREDDY,Dr Reddys Laboratories Ltd,21.4,26.5,10.042515094732458,9.824482209240575,Formula Difference
EICHERMOT,Dec 2014,8.033875028610666,12.794689860379949,27.90143084260731,43.43434343434344,10.963610807434016,0.023052464228934817,0,122.3,,0,-1020.0,1.3646728096204903,23.0,22.0,EICHERMOT,Eicher Motors Ltd,24.2,31.1,3.701430842607312,12.334343434343438,Source Difference
EICHERMOT,Mar 2016,21.675036449052325,27.37728819050705,36.627429509991785,45.97388465723613,27.090504150637777,0.006296194908294552,0,1008.0,,0,-3365.0,1.2498481473982588,49.0,20.0,EICHERMOT,Eicher Motors Ltd,24.2,31.1,12.427429509991786,14.873884657236125,Formula Difference
EICHERMOT,Mar 2017,23.702545144319636,30.911417602729983,31.18802619270346,39.83873923401136,23.783706662862034,0.02095416276894294,0,647.5,,0,-4875.0,1.003424168925667,61.0,16.0,EICHERMOT,Eicher Motors Ltd,24.2,31.1,6.988026192703462,8.738739234011362,Formula Difference
EICHERMOT,Mar 2018,21.862799776910204,31.3329615170106,27.880512091038405,39.117114607993315,20.583910943079182,0.021479374110953058,0,669.0,,0,-5430.0,0.9415038857382902,72.0,15.0,EICHERMOT,Eicher Motors Ltd,24.2,31.1,3.6805120910384055,8.017114607993314,Source Difference
EICHERMOT,Mar 2020,19.958488092637097,23.847498361372075,18.30477908025248,21.339198435972627,14.674698795180724,0.024947400060114217,0,145.0,,0,-5500.0,0.7352610441767068,67.0,19.0,EICHERMOT,Eicher Motors Ltd,24.2,31.1,5.895220919747519,9.760801564027375,Formula Difference
EICHERMOT,Mar 2021,15.447247706422019,20.44724770642202,11.776534359153699,15.295530582482627,9.252009066556768,0.01914670396922539,0,141.5625,,0,-3683.0,0.5989422350436157,49.0,34.0,EICHERMOT,Eicher Motors Ltd,24.2,31.1,12.4234656408463,15.804469417517375,Formula Difference
EICHERMOT,Mar 2022,16.284715478733737,21.149737813167604,13.301078680203046,17.1280276816609,10.390334572490707,0.008565989847715736,0,140.73684210526315,,0,-7613.0,0.6380421313506816,61.0,34.0,EICHERMOT,Eicher Motors Ltd,24.2,31.1,10.898921319796953,13.971972318339102,Formula Difference
EICHERMOT,Mar 2023,20.177260767206757,23.8609610857222,19.43962641761174,22.555308286424925,15.178664444212938,0.019212808539026016,0,155.5,,0,-12033.0,0.7522658610271903,107.0,35.0,EICHERMOT,Eicher Motors Ltd,24.2,31.1,4.760373582388258,8.544691713575077,Source Difference
EICHERMOT,Mar 2024,24.195694242864054,26.179245283018872,22.172346910501524,23.445623916811094,17.309106640709494,0.023219728456636186,0,114.70588235294117,,0,-13108.0,0.7153796236210254,146.0,35.0,EICHERMOT,Eicher Motors Ltd,24.2,31.1,2.0276530894984752,7.654376083188907,Source Difference
GAIL,Mar 2016,3.6001767429350853,8.71419514725376,5.147927368623465,9.97910020899791,3.1728831925232375,0.24866082465730846,0,6.407542579075426,,0,-792.0,0.8813131740683676,3.0,37.0,GAIL,GAIL (India) Ltd,14.0,14.7,8.852072631376535,4.72089979100209,Formula Difference
GAIL,Mar 2017,6.949250288350635,12.40113692535838,8.584149599287622,13.129661127829387,5.788200579849376,0.16672179112072255,0,14.210216110019646,,0,-3572.0,0.8329244651833044,5.0,56.0,GAIL,GAIL (India) Ltd,14.0,14.7,5.415850400712378,1.5703388721706126,Formula Difference
GAIL,Mar 2019,8.600866255414097,13.04370652316577,14.244413529258326,20.606286804346023,9.57676906439073,0.04834362229371359,0,73.31446540880503,,0,-8498.0,1.1134656417151376,10.0,25.0,GAIL,GAIL (India) Ltd,14.0,14.7,0.24441352925832582,5.906286804346024,Source Difference
GAIL,Mar 2020,13.120880333158663,12.44104911883946,19.31273849151579,16.059095763616945,12.697840766541225,0.14029390273605585,0,41.48220064724919,,0,-2981.0,0.9677582939653562,14.0,31.0,GAIL,GAIL (India) Ltd,14.0,14.7,5.312738491515791,1.3590957636169456,Formula Difference
GAIL,Mar 2022,13.262908267758974,16.342567640400993,19.19081635836167,20.67503068321287,12.739170048869378,0.14374395607823565,0,89.53465346534654,,0,-7192.0,0.9605110577321295,18.0,36.0,GAIL,GAIL (India) Ltd,14.0,14.7,5.190816358361669,5.9750306832128715,Formula Difference
GAIL,Mar 2023,3.841612433753467,5.14869429112777,8.61891046868021,9.064210869801675,5.190853856500163,0.274400480539683,0,28.279452054794522,,0,568.0,1.3512174759983304,9.0,59.0,GAIL,GAIL (India) Ltd,14.0,14.7,5.381089531319789,5.635789130198324,Formula Difference
GODREJCP,Mar 2013,13.178415470991892,15.517779164067374,25.505584062782976,17.247356560929102,10.981156595191683,0.7413220645940235,0,13.666666666666666,,0,2335.0,0.8332683560753736,8.0,22.0,GODREJCP,Godrej Consumer Products Ltd,6.77,26.49,18.735584062782976,9.242643439070896,Formula Difference
GODREJCP,Mar 2014,10.777733912356888,15.383603105671797,21.695364238410598,19.014313597918022,9.84375,0.6286092715231788,0,10.258333333333333,,0,2237.0,0.9133413461538461,7.0,24.0,GODREJCP,Godrej Consumer Products Ltd,6.77,26.49,14.925364238410598,7.475686402081976,Formula Difference
GODREJCP,Mar 2015,11.797413272089932,16.66868125226641,22.639758756668986,19.621513944223107,10.695890410958905,0.6302482022732545,0,12.964285714285714,,0,2531.0,0.9066301369863013,9.0,21.0,GODREJCP,Godrej Consumer Products Ltd,6.77,26.49,15.869758756668986,6.868486055776891,Formula Difference
GODREJCP,Mar 2016,9.864672364672366,19.669990503323838,19.475041012420906,23.14892428052529,8.585597685711335,0.67752519334427,0,10.8984375,,0,2701.0,0.8703378448186796,8.0,24.0,GODREJCP,Godrej Consumer Products Ltd,6.77,26.49,12.705041012420907,3.341075719474709,Formula Difference
GODREJCP,Mar 2017,14.113077255071213,20.576176089771256,24.669935873255376,20.498763839621628,10.108191653786708,0.7546208977744248,0,12.876623376623376,,0,3067.0,0.7162287480680062,13.0,39.0,GODREJCP,Godrej Consumer Products Ltd,6.77,26.49,17.899935873255377,5.991236160378371,Formula Difference
GODREJCP,Mar 2018,16.593886462882097,21.163806235401644,26.110578459571748,21.339340569322136,11.785920369301788,0.5605624800255673,0,13.68208092485549,,0,2511.0,0.7102567801500288,16.0,42.0,GODREJCP,Godrej Consumer Products Ltd,6.77,26.49,19.34057845957175,5.150659430677862,Formula Difference
GODREJCP,Mar 2019,22.70700019391119,20.67093271281753,32.22787945507087,20.02065921682787,16.617000141904356,0.4653914958029448,0,10.478991596638656,,0,2866.0,0.7318007662835249,23.0,44.0,GODREJCP,Godrej Consumer Products Ltd,6.77,26.49,25.45787945507087,6.469340783172129,Formula Difference
GODREJCP,Mar 2020,15.104429421854505,21.733427504792655,18.95416561154723,18.7745140765275,10.060483870967742,0.45264623955431754,0,9.587719298245615,,0,2903.0,0.6660618279569892,15.0,55.0,GODREJCP,Godrej Consumer Products Ltd,6.77,26.49,12.184165611547229,7.7154859234724995,Formula Difference
GODREJCP,Mar 2021,15.604315894460061,21.751745398494876,18.23286365081047,21.224453684862425,12.082280258354395,0.1974785464561924,0,17.55072463768116,,0,1185.0,0.7742909295141814,17.0,0.0,GODREJCP,Godrej Consumer Products Ltd,6.77,26.49,11.462863650810469,5.265546315137573,Formula Difference
GODREJCP,Mar 2022,14.524275008145976,19.623655913978492,15.429214260989962,18.167420814479637,11.08692948638229,0.1474558670820353,0,20.385245901639344,,0,689.0,0.7633378932968536,17.0,0.0,GODREJCP,Godrej Consumer Products Ltd,6.77,26.49,8.659214260989962,8.322579185520361,Formula Difference
GODREJCP,Mar 2023,12.781616100931211,18.34635025533193,12.338697984630999,16.369606003752345,9.760853357802374,0.08191967522111063,0,13.601063829787234,,0,-1899.0,0.7636634742214831,17.0,0.0,GODREJCP,Godrej Consumer Products Ltd,6.77,26.49,5.568697984630999,10.120393996247653,Formula Difference
GODREJCP,Mar 2024,-3.9798524404086266,20.977582292849036,-4.45308779171297,18.691529709228824,-3.050239234449761,0.2557548817272583,0,2.412903225806452,,0,-282.0,0.7664201826881253,-5.0,,GODREJCP,Godrej Consumer Products Ltd,6.77,26.49,11.22308779171297,7.798470290771174,Formula Difference
GRASIM,Mar 2013,13.536851911569745,21.226127772403167,19.219616421630974,20.2828089156709,8.56242775876527,0.48583201912804597,0,20.82716049382716,,0,1539.0,0.6325272533599257,57.0,8.0,GRASIM,Grasim Industries Ltd,6.9,9.3,12.319616421630974,10.982808915670898,Formula Difference
GRASIM,Mar 2014,10.42674102573153,17.348487522501856,13.66643534582466,15.704882413087933,6.1882017764370705,0.44788341429562806,0,12.284116331096197,,0,2070.0,0.5934933802580862,44.0,9.0,GRASIM,Grasim Industries Ltd,6.9,9.3,6.766435345824659,6.4048824130879325,Formula Difference
GRASIM,Mar 2015,8.136383689418288,16.209743492783765,11.158167675021607,14.667807242657544,4.778561249606722,0.5155574762316335,0,8.506746626686656,,0,4675.0,0.5873077563711065,37.0,9.0,GRASIM,Grasim Industries Ltd,6.9,9.3,4.258167675021607,5.367807242657543,Source Difference
GRASIM,Mar 2016,10.018267753066374,17.13979180560791,12.596157351708046,14.80192317323584,5.799315160467302,0.45590433482810166,0,10.071030640668523,,0,1904.0,0.5788740432388881,51.0,9.0,GRASIM,Grasim Industries Ltd,6.9,9.3,5.696157351708045,5.50192317323584,Formula Difference
GRASIM,Mar 2017,11.772208051458357,20.480758567150936,13.527893713958008,18.194581280788178,6.766857379635679,0.29352916812693153,0,12.055555555555555,,0,-4987.0,0.5748163258801218,66.0,8.0,GRASIM,Grasim Industries Ltd,6.9,9.3,6.627893713958008,8.894581280788177,Formula Difference
GRASIM,Mar 2022,11.709386526786554,21.34878423422953,14.803365962562253,13.580558749825517,3.8755105499240874,0.9873842454986196,0,4.622906197654942,,0,-22022.0,0.3309746877907238,111.0,9.0,GRASIM,Grasim Industries Ltd,6.9,9.3,7.903365962562253,4.280558749825516,Formula Difference
GRASIM,Mar 2023,9.417905752930874,18.353779319373952,14.068730791699474,11.876378719448127,3.2889677961421873,1.3085646795864976,0,4.1896095301125085,,0,-2316.0,0.34922496385341856,100.0,10.0,GRASIM,Grasim Industries Ltd,6.9,9.3,7.168730791699474,2.576378719448126,Formula Difference
HAL,Mar 2016,11.92266380236305,14.786967418546364,1664.9999999999998,1795.6521739130433,1135.2272727272727,0.15,0,679.3333333333334,,0,18.0,95.2159090909091,28.0,31.0,HAL,Hindustan Aeronautics Ltd,28.9,38.9,1636.0999999999997,1756.7521739130432,Formula Difference
HAL,Mar 2017,14.573816155988858,18.027855153203344,1966.9172932330828,2397.037037037037,1538.8235294117646,0.015037593984962405,0,267.5,,0,-20.0,105.58823529411765,36.0,31.0,HAL,Hindustan Aeronautics Ltd,28.9,38.9,1938.0172932330827,2358.137037037037,Formula Difference
HAL,Mar 2018,10.729521032453155,18.683514228630056,1528.4615384615386,2601.503759398496,1196.987951807229,0.023076923076923078,0,120.6,,0,-21.0,111.56024096385542,30.0,54.0,HAL,Hindustan Aeronautics Ltd,28.9,38.9,1499.5615384615385,2562.603759398496,Formula Difference
HAL,Mar 2019,11.72530987604958,22.835865653738505,1763.9097744360904,3240.425531914894,1340.5714285714287,0.06015037593984962,0,27.937853107344633,,0,-14.0,114.33142857142857,35.0,28.0,HAL,Hindustan Aeronautics Ltd,28.9,38.9,1735.0097744360903,3201.5255319148937,Formula Difference
HAL,Mar 2020,13.252506411750991,22.75588715318256,2059.4202898550725,3485.7142857142853,1642.7745664739884,0.014492753623188406,0,14.749303621169917,,0,-16.0,123.95953757225433,42.0,39.0,HAL,Hindustan Aeronautics Ltd,28.9,38.9,2030.5202898550724,3446.8142857142852,Formula Difference
HAL,Mar 2021,14.155231186085132,23.341491128397866,2249.3055555555557,3560.666666666667,1741.3978494623657,0.041666666666666664,0,21.352059925093634,,0,-11.0,123.02150537634408,48.0,31.0,HAL,Hindustan Aeronautics Ltd,28.9,38.9,2220.4055555555556,3521.766666666667,Formula Difference
HAL,Mar 2022,20.65800162469537,22.014622258326565,3324.183006535948,3284.848484848485,2517.8217821782177,0.0784313725490196,0,98.55384615384615,,0,-17.0,121.88118811881188,76.0,26.0,HAL,Hindustan Aeronautics Ltd,28.9,38.9,3295.283006535948,3245.948484848485,Formula Difference
HAL,Mar 2023,21.57976827094474,24.766042780748663,3283.050847457627,2977.2321428571427,2144.280442804428,0.2655367231638418,0,130.328125,,0,12.0,99.36531365313652,87.0,32.0,HAL,Hindustan Aeronautics Ltd,28.9,38.9,3254.1508474576267,2938.3321428571426,Formula Difference
HAL,Mar 2024,24.999177117277245,32.08913465652875,3816.5829145728644,3027.639751552795,1687.7777777777776,0.6180904522613065,0,270.8837209302326,,0,80.0,67.51333333333334,114.0,31.0,HAL,Hindustan Aeronautics Ltd,28.9,38.9,3787.6829145728643,2988.739751552795,Formula Difference
HAVELLS,Mar 2013,8.142957252978276,9.446391030133146,40.29126213592233,27.805280528052805,13.032750112157917,0.680998613037448,0,7.284552845528455,,0,982.0,1.6004934948407357,9.0,16.0,HAVELLS,Havells India Ltd,18.0,24.4,22.29126213592233,3.4052805280528062,Formula Difference
HAVELLS,Mar 2014,5.539684511240839,9.650975034157247,26.770708283313326,28.566176470588232,8.364591147786946,0.6326530612244898,0,7.96078431372549,,0,1054.0,1.5099399849962492,7.0,42.0,HAVELLS,Havells India Ltd,18.0,24.4,8.770708283313326,4.166176470588233,Formula Difference
HAVELLS,Mar 2015,4.546528105810109,8.915918752952292,21.177117711771174,33.675289919714544,8.04093567251462,0.23322332233223322,0,8.364583333333334,,0,424.0,1.7685881370091896,6.0,49.0,HAVELLS,Havells India Ltd,18.0,24.4,3.1771177117711744,9.275289919714545,Source Difference
HAVELLS,Mar 2016,17.118777982617857,10.481959441664472,42.94681202510737,25.18190446061373,29.63300661043994,0.04426825239511067,0,19.175824175824175,,0,-55.0,1.7310234784590837,21.0,29.0,HAVELLS,Havells India Ltd,18.0,24.4,24.94681202510737,0.7819044606137311,Formula Difference
HCLTECH,Jun 2013,15.792971345920801,22.203979516047063,30.689759951382555,39.97747747747748,18.036519487477122,0.07930720145852324,0,56.716981132075475,,0,331.0,1.1420599133889906,14.0,21.0,HCLTECH,HCL Technologies Ltd,23.3,29.6,7.389759951382555,10.377477477477477,Formula Difference
HCLTECH,Jun 2014,20.3086112493778,24.99688899950224,33.39130434782609,39.06553870089459,21.774516344229486,0.05207161125319693,0,76.42105263157895,,0,356.0,1.0721814543028685,23.0,11.0,HCLTECH,HCL Technologies Ltd,23.3,29.6,10.091304347826092,9.46553870089459,Formula Difference
HCLTECH,Jun 2015,20.004904498515028,23.121985776954308,30.30878467635403,34.11868768092634,20.831323591998867,0.026750330250990752,0,105.62637362637362,,0,-221.0,1.0413108242303872,26.0,58.0,HCLTECH,HCL Technologies Ltd,23.3,29.6,7.008784676354029,4.518687680926341,Formula Difference
HDFCBANK,Mar 2023,27.026599669700268,36.91977933167012,15.944347321360706,2.5957630782533507,1.8237597374677526,7.39091618930479,1,1.859518754423213,,0,1627630.0,0.06748017729778946,82.0,23.0,HDFCBANK,HDFC Bank Ltd,17.1,7.67,1.1556526786392958,5.07423692174665,Source Difference
HDFCLIFE,Mar 2013,3.1792318634423897,96.26600284495022,33.43305908750935,1012.341062079282,1.0663676702132736,0.0,0,483.5357142857143,,0,-40404.0,0.33541676606708337,2.0,0.0,HDFCLIFE,HDFC Life Insurance Company Ltd,11.4,6.61,22.03305908750935,1005.731062079282,Formula Difference
HDFCLIFE,Mar 2014,4.223464988931609,96.47559128509845,37.60373443983403,858.9730290456432,1.3868962219033953,0.0,0,68.7344398340249,,0,-50527.0,0.3283787661406026,4.0,14.0,HDFCLIFE,HDFC Life Insurance Company Ltd,11.4,6.61,26.20373443983403,852.3630290456432,Formula Difference
HDFCLIFE,Mar 2015,2.8881131728826013,96.78853573397024,30.932703659976386,1036.6391184573001,1.1340518547374798,0.0,0,333.46835443037975,,0,-67024.0,0.3926618476676911,4.0,18.0,HDFCLIFE,HDFC Life Insurance Company Ltd,11.4,6.61,19.532703659976384,1030.0291184573002,Formula Difference
HDFCLIFE,Mar 2016,4.503610605810043,94.74119398048619,26.32935868514341,553.8833387044796,1.067359949832776,0.0,0,159.1851851851852,,0,-74144.0,0.23700094063545152,4.0,22.0,HDFCLIFE,HDFC Life Insurance Company Ltd,11.4,6.61,14.929358685143411,547.2733387044796,Formula Difference
HDFCLIFE,Mar 2017,2.8942473977877117,96.82513786014944,23.183481442760062,775.5880815473079,0.9327318422242553,0.0,0,213.50359712230215,,0,-91723.0,0.32227094440413473,4.0,25.0,HDFCLIFE,HDFC Life Insurance Company Ltd,11.4,6.61,11.783481442760062,768.9780815473079,Formula Difference
HDFCLIFE,Mar 2018,3.4314941103533787,96.67079975201489,23.52816153028693,662.826780021254,1.0019641030746813,0.0,0,110.59929078014184,,0,-106590.0,0.2919906229917725,6.0,25.0,HDFCLIFE,HDFC Life Insurance Company Ltd,11.4,6.61,12.12816153028693,656.216780021254,Formula Difference
HDFCLIFE,Mar 2019,3.289151975292755,96.87298931926392,22.651542006380716,667.1393123006026,0.9829257037378865,0.0,0,276.7867647058824,,0,-124958.0,0.2988386402091986,6.0,26.0,HDFCLIFE,HDFC Life Insurance Company Ltd,11.4,6.61,11.251542006380715,660.5293123006026,Formula Difference
HDFCLIFE,Mar 2020,4.414567733151804,96.11640571817563,19.05391508741002,414.85235786690174,0.9809111810261374,0.0,0,76.53929539295393,,0,-127256.0,0.2221986931268151,6.0,0.0,HDFCLIFE,HDFC Life Insurance Company Ltd,11.4,6.61,7.653915087410018,408.2423578669017,Formula Difference
HDFCLIFE,Mar 2021,1.9027513700928307,98.27480147634493,15.752314814814813,760.7575757575758,0.7575631070663216,0.06944444444444445,0,157.9685393258427,,0,-172964.0,0.3981408811332832,7.0,30.0,HDFCLIFE,HDFC Life Insurance Company Ltd,11.4,6.61,4.352314814814813,754.1475757575757,Source Difference
HDFCLIFE,Mar 2022,1.976879301611894,98.84098560915294,8.498783143332906,409.20192426298263,0.5751211351599678,0.038427052645062125,0,86.61749347258485,,0,-215951.0,0.2909237476921477,6.0,27.0,HDFCLIFE,HDFC Life Insurance Company Ltd,11.4,6.61,2.9012168566670944,402.5919242629826,Source Difference
HDFCLIFE,Mar 2023,1.9485236514877435,99.88605124845101,10.528746247979681,502.9548877572975,0.5514594729692142,0.07311629338874778,0,48.80097425191371,,0,-237247.0,0.28301400013705863,6.0,30.0,HDFCLIFE,HDFC Life Insurance Company Ltd,11.4,6.61,0.8712537520203192,496.3448877572975,Source Difference
HDFCLIFE,Mar 2024,1.5510139729213062,99.47675449833469,10.732306013909723,646.4587602459017,0.5200091183301563,0.06477567162143734,0,192.2895238095238,,0,-290178.0,0.33527042786773137,7.0,27.0,HDFCLIFE,HDFC Life Insurance Company Ltd,11.4,6.61,0.6676939860902777,639.8487602459016,Source Difference
HEROMOTOCO,Mar 2014,8.316518298714143,85.94263105835806,37.38218033078428,367.7331979007957,20.766646907725747,0.050506846878890274,0,50.54883720930233,,0,-3822.0,2.497036158861885,105.0,62.0,HEROMOTOCO,"Hero MotoCorp Ltd
",22.0,29.1,15.38218033078428,338.63319790079566,Formula Difference
HEROMOTOCO,Mar 2015,8.584501416224853,87.21766286585809,36.14678899082569,361.7168674698795,22.18884925849446,0.01529051987767584,0,73.94153846153846,,0,-3018.0,2.5847568988173455,118.0,51.0,HEROMOTOCO,"Hero MotoCorp Ltd
",22.0,29.1,14.14678899082569,332.6168674698795,Formula Difference
HEROMOTOCO,Mar 2016,10.935797870471237,84.45373721755631,35.22752999773602,265.08934480476506,24.13151364764268,0.026262168892913742,0,57.12351543942993,,0,-4269.0,2.2066532258064515,157.0,46.0,HEROMOTOCO,"Hero MotoCorp Ltd
",22.0,29.1,13.22752999773602,235.98934480476507,Formula Difference
HEROMOTOCO,Mar 2017,12.394267738552953,83.9741349178609,34.373788290034895,227.14380259052663,23.15830721003135,0.025300504071345483,0,28.965060240963854,,0,-5805.0,1.8684691745036572,179.0,47.0,HEROMOTOCO,"Hero MotoCorp Ltd
",22.0,29.1,12.373788290034895,198.04380259052664,Formula Difference
HEROMOTOCO,Mar 2018,11.467126748413333,83.56645511122065,31.089208152355496,222.32786885245903,21.39449330344312,0.019044437019712663,0,48.12056737588652,,0,-7441.0,1.8657239753980572,186.0,51.0,HEROMOTOCO,"Hero MotoCorp Ltd
",22.0,29.1,9.089208152355496,193.22786885245904,Formula Difference
HEROMOTOCO,Mar 2019,10.202820052397634,85.2079715051073,26.417682926829265,215.50029779630734,18.731085170773888,0.02378048780487805,0,39.08367071524966,,0,-5802.0,1.8358733246865542,172.0,50.0,HEROMOTOCO,"Hero MotoCorp Ltd
",22.0,29.1,4.417682926829265,186.40029779630734,Source Difference
HEROMOTOCO,Mar 2020,12.50769125589663,86.0873726669857,25.39913924753575,169.4865064943805,18.598149842431635,0.031445231153685964,0,17.571827057182706,,0,-7906.0,1.4869370743112738,182.0,49.0,HEROMOTOCO,"Hero MotoCorp Ltd
",22.0,29.1,3.39913924753575,140.3865064943805,Source Difference
HEROMOTOCO,Mar 2021,9.483510449303918,86.89557156238897,19.045147898287492,168.13750000000002,12.712157949428473,0.03788271925272444,0,48.67088607594937,,0,-9998.0,1.3404485625216487,146.0,72.0,HEROMOTOCO,"Hero MotoCorp Ltd
",22.0,29.1,2.9548521017125076,139.03750000000002,Source Difference
HEROMOTOCO,Mar 2022,7.881289973266556,88.98176034651958,14.696788035590332,159.82859226841722,10.361242103389982,0.038177573042216195,0,48.26788990825688,,0,-9923.0,1.314663226265682,116.0,82.0,HEROMOTOCO,"Hero MotoCorp Ltd
",22.0,29.1,7.303211964409668,130.72859226841723,Formula Difference
HEROMOTOCO,Mar 2023,8.197201241290474,88.00281046899701,16.810758885686838,174.52392011147236,11.707153907262617,0.034101825168107586,0,53.03703703703704,,0,-10323.0,1.4281891541581302,141.0,71.0,HEROMOTOCO,"Hero MotoCorp Ltd
",22.0,29.1,5.1892411143131625,145.42392011147237,Formula Difference
HEROMOTOCO,Mar 2024,9.902352536452407,86.14676228532112,21.14243742584327,177.84211963944279,14.308109968263679,0.03423922255494661,0,47.268505079825836,,0,-12145.0,1.4449202768324858,187.0,75.0,HEROMOTOCO,"Hero MotoCorp Ltd
",22.0,29.1,0.8575625741567308,148.7421196394428,Source Difference
HINDALCO,Mar 2013,3.749703839487237,90.39941141994937,8.511180300028306,78.55788298783065,2.493573264781491,1.6119728276252476,0,65.26012601260126,,0,44350.0,0.665005390165022,16.0,6.0,HINDALCO,Hindalco Industries Ltd,10.2,11.3,1.6888196999716936,67.25788298783065,Source Difference
HINDALCO,Mar 2014,2.5029933291521753,90.85010547921775,5.405871342724855,75.61788154897494,1.5907872041280746,1.5948182445079302,0,117.69571639586411,,0,51795.0,0.6355539128292096,11.0,9.0,HINDALCO,Hindalco Industries Ltd,10.2,11.3,4.794128657275144,64.31788154897494,Source Difference
HINDALCO,Mar 2015,0.248367391950595,91.51906867022755,0.6757285606198962,89.36299708793318,0.18272120553666418,1.7863236713715462,0,-114.71754807692308,,1,56122.0,0.7356891905238948,4.0,24.0,HINDALCO,Hindalco Industries Ltd,10.2,11.3,9.524271439380103,78.06299708793318,Formula Difference
HINDALCO,Mar 2016,-0.7108212922366569,92.12426209256877,-1.7286808342978157,84.1162711143573,-0.4973573462939084,1.663473614223448,0,60.659333333333336,,0,55089.0,0.6996939339407422,-1.0,-82.0,HINDALCO,Hindalco Industries Ltd,10.2,11.3,11.928680834297815,72.8162711143573,Formula Difference
HINDALCO,Mar 2017,1.8785434799968057,87.70562165615267,4.086063527215094,79.96923805016564,1.2877709656229472,1.3855489697996048,0,73.35475792988314,,0,48660.0,0.685515655791548,8.0,13.0,HINDALCO,Hindalco Industries Ltd,10.2,11.3,6.113936472784905,68.66923805016565,Formula Difference
HINDALCO,Mar 2018,5.281161282480921,88.1102245991162,11.089841755997957,94.91423975459664,4.137701171317017,0.9493546269962809,0,35.2552969781174,,0,41293.0,0.7834832056810916,27.0,4.0,HINDALCO,Hindalco Industries Ltd,10.2,11.3,0.8898417559979581,83.61423975459664,Source Difference
HINDALCO,Mar 2019,4.209373228539474,88.11800033705627,9.556355541642754,104.65355362276647,3.6157976469349618,0.9115493643588807,0,102.07897071872227,,0,43403.0,0.858987181849288,24.0,5.0,HINDALCO,Hindalco Industries Ltd,10.2,11.3,0.6436444583572456,93.35355362276647,Source Difference
HINDALCO,Mar 2020,3.188481852654388,87.89104821235102,6.459522952140885,81.94545282363711,2.2340438150138184,1.172882692868289,0,114.62472406181016,,0,58988.0,0.7006606649349417,17.0,6.0,HINDALCO,Hindalco Industries Ltd,10.2,11.3,3.7404770478591143,70.64545282363711,Source Difference
HINDALCO,Mar 2021,2.6384764559723655,86.69853342221684,5.234996167315468,85.5763838521299,1.8445943798921738,1.010115281138683,0,-115.96960486322189,,1,50073.0,0.6991134507631526,16.0,19.0,HINDALCO,Hindalco Industries Ltd,10.2,11.3,4.965003832684531,74.2763838521299,Source Difference
HINDALCO,Mar 2022,7.038895923797416,85.46747394378112,17.559565678914453,116.84574248126889,6.188726871154583,0.8247240731030425,0,133.06225059856345,,0,50367.0,0.8792184084199139,61.0,6.0,HINDALCO,Hindalco Industries Ltd,10.2,11.3,7.3595656789144535,105.54574248126889,Formula Difference
HINDALCO,Mar 2023,4.523704984722359,89.84507307282192,10.650169820475497,129.29714952578064,4.517895735360577,0.6359407632428328,0,153.43993879112472,,0,46175.0,0.9987158204654368,45.0,7.0,HINDALCO,Hindalco Industries Ltd,10.2,11.3,0.45016982047549803,117.99714952578064,Source Difference
HINDALCO,Mar 2024,4.702216130615571,88.94620349876368,9.567011474761177,118.20777590429657,4.401381743475944,0.5309290976579428,0,126.46543778801843,,0,40912.0,0.9360228499109322,45.0,8.0,HINDALCO,Hindalco Industries Ltd,10.2,11.3,0.6329885252388223,106.90777590429657,Source Difference
HINDUNILVR,Mar 2013,14.216412383350615,84.37268552806991,133.99650959860384,788.3737024221454,31.74826331458816,0.008726003490401396,0,20.302760463045413,,0,-2227.0,2.2332120410188554,18.0,104.0,HINDUNILVR,"Hindustan Unilever Ltd
",20.2,27.2,113.79650959860383,761.1737024221453,Formula Difference
HINDUNILVR,Mar 2014,13.532188547581583,83.72100978312923,111.84619734238055,683.0867987719788,28.762541806020064,0.013005371783997738,0,30.9229797979798,,0,-2792.0,2.125490766322524,18.0,71.0,HINDUNILVR,"Hindustan Unilever Ltd
",20.2,27.2,91.64619734238055,655.8867987719788,Formula Difference
HINDUNILVR,Mar 2015,13.68697610409108,83.07268860252721,108.66650111745717,652.5798525798525,30.325710325710325,0.010677924012912838,0,21.312750601443465,,0,-2982.0,2.2156618156618157,20.0,74.0,HINDUNILVR,"Hindustan Unilever Ltd
",20.2,27.2,88.46650111745717,625.3798525798525,Formula Difference
HINDUNILVR,Mar 2016,12.896911700739452,81.63797924563475,63.15228966986155,389.27407407407406,28.06056918812952,0.026928343222272933,0,54.10288065843621,,0,-2415.0,2.175758804840127,19.0,83.0,HINDUNILVR,"Hindustan Unilever Ltd
",20.2,27.2,42.95228966986156,362.0740740740741,Formula Difference
HINDUNILVR,Mar 2017,13.539593510644716,80.91791809902901,66.57769869513642,382.1962683378436,28.587800840443144,0.041073546856465006,0,44.31188118811881,,0,-3517.0,2.111422386349166,21.0,82.0,HINDUNILVR,"Hindustan Unilever Ltd
",20.2,27.2,46.37769869513642,354.9962683378436,Formula Difference
HINDUNILVR,Mar 2018,14.705303136868759,78.90279926853285,71.78958934212334,385.19434143661584,29.26324039861158,0.0,0,79.5099150141643,,0,-2873.0,1.989978725786586,24.0,83.0,HINDUNILVR,"Hindustan Unilever Ltd
",20.2,27.2,51.58958934212333,357.99434143661585,Formula Difference
HINDUNILVR,Mar 2019,15.41592470109387,77.41032816077335,77.03063429515699,381.9984935977906,32.52992645874711,0.01258421253336723,0,94.57453416149069,,0,-2617.0,2.1101508400880347,28.0,78.0,HINDUNILVR,"Hindustan Unilever Ltd
",20.2,27.2,56.83063429515698,354.79849359779064,Formula Difference
HINDUNILVR,Mar 2020,16.982128044642185,75.21303069150139,82.09989063069631,363.61647830842145,33.52354488165534,0.0,0,70.62971698113208,,0,-1255.0,1.974048528755024,31.0,80.0,HINDUNILVR,"Hindustan Unilever Ltd
",20.2,27.2,61.899890630696305,336.41647830842146,Formula Difference
HINDUNILVR,Mar 2021,17.00901590541805,75.27855745513311,16.778537567646936,74.25850568444015,11.636601687518185,0.0,0,208.39411764705883,,0,-2709.0,0.6841431480942682,34.0,119.0,HINDUNILVR,"Hindustan Unilever Ltd
",20.2,27.2,3.4214624323530636,47.05850568444015,Source Difference
HINDUNILVR,Mar 2022,16.954581855622926,75.48526103039318,18.12437577709382,79.0136516046623,12.611692621904519,0.02125924869040582,0,180.88584474885846,,0,-2478.0,0.7438515870989703,38.0,90.0,HINDUNILVR,"Hindustan Unilever Ltd
",20.2,27.2,2.0756242229061783,51.8136516046623,Source Difference
HINDUNILVR,Mar 2023,16.743149554308353,76.64740838560581,20.16340648854962,90.12091687207655,13.879880126441973,0.024232665394402036,0,103.69642857142857,,0,-1663.0,0.8289886010646305,43.0,91.0,HINDUNILVR,"Hindustan Unilever Ltd
",20.2,27.2,0.03659351145038059,62.920916872076546,Source Difference
HINDUNILVR,Mar 2024,16.611735814915342,76.31672482874498,20.074973642078955,89.63037455884027,13.099924830230988,0.028974188761763442,0,57.847001223990205,,0,-3141.0,0.7885945801322478,44.0,96.0,HINDUNILVR,"Hindustan Unilever Ltd
",20.2,27.2,0.125026357921044,62.43037455884027,Source Difference
ICICIBANK,Mar 2016,18.428508786723782,88.12358754680069,11.610757509749126,6.825276984610079,1.1893255663092268,7.1347132641242785,1,1.2400123509571992,,1,385411.0,0.06453726560697291,16.0,29.0,ICICIBANK,ICICI Bank Ltd,18.8,7.6,7.189242490250875,0.7747230153899203,Formula Difference
ICICIBANK,Mar 2017,18.608467344929437,104.76042008532984,10.837984555394144,7.9255772148190085,1.1504222780187172,6.698467008181054,1,1.2158107438331618,,1,396501.0,0.06182251642192295,16.0,14.0,ICICIBANK,ICICI Bank Ltd,18.8,7.6,7.962015444605857,0.3255772148190088,Formula Difference
ICICIBANK,Mar 2018,14.63916862391815,117.12300119043788,8.225616921269095,7.863879683915371,0.8094061893779224,7.368688420862334,1,1.280370376890172,,1,442990.0,0.05529044785067078,12.0,12.0,ICICIBANK,ICICI Bank Ltd,18.8,7.6,10.574383078730905,0.26387968391537164,Formula Difference
ICICIBANK,Mar 2019,7.903364730071407,116.38326248228724,4.979300324717951,8.328412337681703,0.45923696756684323,7.804092671527225,1,1.4109397387273495,,1,493440.0,0.05810651327016437,7.0,15.0,ICICIBANK,ICICI Bank Ltd,18.8,7.6,13.82069967528205,0.7284123376817035,Formula Difference
ICICIBANK,Mar 2020,13.231411193361309,100.6188410580414,9.128985035783995,7.503630462835664,0.8150050969583792,8.251756668835394,1,1.3134411085450346,,1,571163.0,0.06159623376887399,15.0,0.0,ICICIBANK,ICICI Bank Ltd,18.8,7.6,9.671014964216006,0.09636953716433538,Formula Difference
ICICIBANK,Mar 2021,22.83907001783251,102.40682794432668,12.922385729787356,7.238548088791504,1.2939283726391717,7.004638707507599,1,1.2644304043007177,,1,567261.0,0.05665416199647734,27.0,8.0,ICICIBANK,ICICI Bank Ltd,18.8,7.6,5.877614270212645,0.36145191120849596,Formula Difference
ICICIGI,Mar 2013,8.798604187437686,104.46161515453637,18.877005347593585,224.11764705882354,2.793384505816254,0.0,0,7.145051194539249,,0,-7800.0,0.3174804146553771,8.0,0.0,ICICIGI,ICICI Lombard General Insurance Company Ltd,17.0,22.5,1.8770053475935846,201.61764705882354,Source Difference
ICICIGI,Mar 2014,11.948529411764707,105.19301470588236,21.72096908939014,191.2280701754386,3.5268583830710796,0.0,0,5.597307221542228,,0,-9290.0,0.2951709169831796,12.0,0.0,ICICIGI,ICICI Lombard General Insurance Company Ltd,17.0,22.5,4.720969089390142,168.7280701754386,Source Difference
ICICIGI,Mar 2015,13.816721776098253,105.24326877657062,20.27027027027027,154.4005544005544,3.9942646456370343,0.0,0,4.486895161290323,,0,-10200.0,0.2890891711047385,13.0,15.0,ICICIGI,ICICI Lombard General Insurance Company Ltd,17.0,22.5,3.27027027027027,131.9005544005544,Source Difference
ICICIGI,Mar 2016,8.403779214321233,87.33631692358695,15.66265060240964,162.77417361754712,3.2342434294462876,0.0,0,,Debt Free,0,-11426.0,0.3848558305690227,11.0,26.0,ICICIGI,ICICI Lombard General Insurance Company Ltd,17.0,22.5,1.3373493975903603,140.27417361754712,Source Difference
ICICIGI,Mar 2017,9.335106382978724,87.77925531914894,17.9953857985132,150.5015959872321,3.006295233608839,0.12432709561650859,0,-3306.5,,1,-14321.0,0.3220418825746221,16.0,22.0,ICICIGI,ICICI Lombard General Insurance Company Ltd,17.0,22.5,0.9953857985132011,128.0015959872321,Source Difference
ICICIGI,Mar 2018,12.471064814814815,103.79050925925925,18.982602950891874,142.73776362912852,2.8974789915966386,0.1068046685752037,0,4.569789674952199,,0,-17708.0,0.2323361344537815,19.0,17.0,ICICIGI,ICICI Lombard General Insurance Company Ltd,17.0,22.5,1.9826029508918737,120.23776362912852,Source Difference
ICICIGI,Mar 2019,9.39711547075159,85.04882200125414,19.425925925925927,161.32540356839422,3.1404364877406223,0.08981481481481482,0,-4754.5,,1,-20229.0,0.3341915396820645,23.0,26.0,ICICIGI,ICICI Lombard General Insurance Company Ltd,17.0,22.5,2.4259259259259274,138.82540356839422,Source Difference
ICICIGI,Mar 2020,10.367283146652774,84.61404879742989,19.46527551353114,147.22767789696329,3.2233680686787967,0.07906749266384089,0,650.6666666666666,,0,-25842.0,0.3109173370768317,26.0,13.0,ICICIGI,ICICI Lombard General Insurance Company Ltd,17.0,22.5,2.4652755135311395,124.72767789696329,Source Difference
ICICIGI,Mar 2021,12.112490749116027,82.97015048104596,19.38412949072246,124.8144482929243,3.7482823553361495,0.06382418739307803,0,842.25,,0,-30303.0,0.3094559519568426,32.0,25.0,ICICIGI,ICICI Lombard General Insurance Company Ltd,17.0,22.5,2.3841294907224615,102.3144482929243,Source Difference
ICICIGI,Mar 2022,7.93086234868339,93.660302009235,13.8257369737844,158.86960203217612,2.4996066708621774,0.02773849668225824,0,18.561186650185412,,0,-38157.0,0.3151746381371932,26.0,35.0,ICICIGI,ICICI Lombard General Insurance Company Ltd,17.0,22.5,3.1742630262156,136.36960203217612,Source Difference
ICICIGI,Mar 2023,9.672186171402998,92.92906690534795,16.554959785522787,158.5265769634507,3.1387285335656974,0.003351206434316354,0,16.769929364278507,,0,-42801.0,0.3245107649856588,35.0,31.0,ICICIGI,ICICI Lombard General Insurance Company Ltd,17.0,22.5,0.4450402144772134,136.0265769634507,Source Difference
ICICIGI,Mar 2024,9.366915605017816,87.42129155073948,15.7230643179025,146.3235294117647,3.0312124849939974,0.0028676771814829987,0,160.02678571428572,,0,-48549.0,0.3236083907247109,39.0,28.0,ICICIGI,ICICI Lombard General Insurance Company Ltd,17.0,22.5,1.2769356820975002,123.8235294117647,Source Difference
ICICIPRULI,Mar 2013,7.5655430711610485,96.27965043695382,38.24791719262812,486.74577126988135,2.014091996809359,0.0,0,21.426666666666666,,0,-73716.0,0.2662190906673757,11.0,32.0,ICICIPRULI,ICICI Prudential Life Insurance Company Ltd,8.07,8.75,30.177917192628122,477.99577126988135,Formula Difference
ICICIPRULI,Mar 2014,7.131761695906433,93.12865497076024,35.614875655943415,465.06958704083956,1.915948646193878,0.0,0,158.06976744186048,,0,-80101.0,0.2686501215111569,11.0,70.0,ICICIPRULI,ICICI Prudential Life Insurance Company Ltd,8.07,8.75,27.544875655943414,456.31958704083956,Formula Difference
ICICIPRULI,Mar 2015,4.760107973180855,95.1963544538937,31.14909781576448,622.9439696106363,1.6203131946845823,0.0,0,762.8604651162791,,0,-99491.0,0.34039421034431655,11.0,51.0,ICICIPRULI,ICICI Prudential Life Insurance Company Ltd,8.07,8.75,23.07909781576448,614.1939696106363,Formula Difference
ICICIPRULI,Mar 2016,7.91404863542616,91.16984028010936,30.99755776817584,299.24433249370276,1.5749534672839212,0.19331204208153296,0,,Debt Free,0,-101995.0,0.1990073020569847,12.0,73.0,ICICIPRULI,ICICI Prudential Life Insurance Company Ltd,8.07,8.75,22.92755776817584,290.49433249370276,Formula Difference
ICICIPRULI,Mar 2017,4.447852760736196,95.22424370636767,26.256634405245084,562.1292538245395,1.3483938721029975,0.0,0,277.03846153846155,,0,-121581.0,0.3031561395210877,12.0,63.0,ICICIPRULI,ICICI Prudential Life Insurance Company Ltd,8.07,8.75,18.186634405245083,553.3792538245395,Formula Difference
ICICIPRULI,Mar 2018,4.169241862381541,95.44190358467245,24.627319744447824,563.7663522969273,1.141595977971922,0.0,0,280.81060606060606,,0,-138537.0,0.27381380492035623,11.0,59.0,ICICIPRULI,ICICI Prudential Life Insurance Company Ltd,8.07,8.75,16.557319744447824,555.0163522969273,Formula Difference
ICICIPRULI,Mar 2019,2.747027470274703,98.69522224634011,16.57691747926066,595.5756076262553,0.698404522767129,0.0,0,50.33579335793358,,0,-159003.0,0.25424009418343696,8.0,40.0,ICICIPRULI,ICICI Prudential Life Insurance Company Ltd,8.07,8.75,8.506917479260661,586.8256076262553,Formula Difference
ICICIPRULI,Mar 2020,5.074910820451843,101.51724137931035,14.792735338971303,295.910162207126,0.6838384679967442,0.0,0,13.524714828897338,,0,-150776.0,0.13474886400779332,7.0,11.0,ICICIPRULI,ICICI Prudential Life Insurance Company Ltd,8.07,8.75,6.722735338971303,287.160162207126,Formula Difference
ICICIPRULI,Mar 2021,1.1492871053833762,100.46885143420452,10.495114721703809,810.6702880977787,0.44010680416167947,0.1317378416950269,0,50.07309766327142,,0,-210527.0,0.382938955897247,7.0,30.0,ICICIPRULI,ICICI Prudential Life Insurance Company Ltd,8.07,8.75,2.4251147217038085,801.9202880977787,Source Difference
ICICIPRULI,Mar 2022,1.194072116292241,103.40444276634572,8.287835772002621,634.5626568835683,0.31050945642435474,0.1310329766324525,0,20.5969915387026,,0,-236901.0,0.26004246492961375,5.0,10.0,ICICIPRULI,ICICI Prudential Life Insurance Company Ltd,8.07,8.75,0.21783577200262094,625.8126568835683,Source Difference
ICICIPRULI,Mar 2023,1.6106026387733272,103.48072427592219,8.057482656095145,462.66607617360495,0.3177630730386045,0.11892963330029732,0,17.857094017094017,,0,-247016.0,0.1972945190755557,6.0,11.0,ICICIPRULI,ICICI Prudential Life Insurance Company Ltd,8.07,8.75,0.012517343904855593,453.91607617360495,Source Difference
ICICIPRULI,Mar 2024,0.942341125272681,102.02531365231931,7.732848705134029,754.9037279803359,0.28461443272764975,0.10904134484325306,0,31.021548821548823,,0,-288528.0,0.3020290902037117,6.0,10.0,ICICIPRULI,ICICI Prudential Life Insurance Company Ltd,8.07,8.75,0.3371512948659712,746.1537279803359,Source Difference
INDUSINDBK,Mar 2013,15.194042675068022,27.881999140770443,13.905635648754917,2.7343201415611045,1.4473379077032207,8.332372214941023,1,1.4314013206162877,,1,43922.0,0.09525693317145702,20.0,15.0,INDUSINDBK,IndusInd Bank Ltd,15.2,7.93,1.2943643512450826,5.195679858438895,Source Difference
INDUSINDBK,Mar 2021,9.779310344827588,55.16206896551724,6.5398362734924484,4.558939619770129,0.7813253327382478,7.091617664014758,1,2.4375667022411953,,0,237833.0,0.07989574982161207,37.0,14.0,INDUSINDBK,IndusInd Bank Ltd,15.2,7.93,8.660163726507552,3.3710603802298706,Formula Difference
INDUSINDBK,Mar 2022,14.960093439750827,51.39186295503212,9.667071994632899,4.075090750521607,1.1470862615834319,7.149251540945113,1,2.1593946004908644,,0,270034.0,0.07667641022451645,60.0,14.0,INDUSINDBK,IndusInd Bank Ltd,15.2,7.93,5.532928005367101,3.8549092494783928,Formula Difference
INFY,Mar 2013,23.366871530531323,28.59337827121332,24.81707638048113,30.3679528346581,20.376012965964343,0.0,0,2780.6,,0,-2116.0,0.8720043219881145,21.0,25.0,INFY,Infosys Ltd,31.8,40.0,6.982923619518871,9.632047165341898,Formula Difference
INFY,Mar 2014,21.255460475136136,26.70895418187621,23.92993487536492,30.06961598922075,18.705894744233404,0.0,0,1783.7777777777778,,0,-4331.0,0.8800512586455078,23.0,34.0,INFY,Infosys Ltd,31.8,40.0,7.8700651246350795,9.93038401077925,Formula Difference
INFY,Mar 2015,23.20373600405109,27.913126652787934,24.385052034058656,29.334200567644274,18.663730030623483,0.0,0,1526.0833333333333,,0,-2270.0,0.804341595136448,27.0,55.0,INFY,Infosys Ltd,31.8,40.0,7.414947965941344,10.665799432355726,Formula Difference
INFY,Mar 2016,21.602793036626576,27.352220496148366,21.84665716506867,27.66098730240995,17.961863165463793,0.0,0,,Debt Free,0,-1892.0,0.8314602253056007,29.0,41.0,INFY,Infosys Ltd,31.8,40.0,9.95334283493133,12.33901269759005,Formula Difference
INFY,Mar 2017,20.958180012849716,27.165469306699375,20.80687715635963,26.969354324316484,17.26199066724395,0.0,0,,Debt Free,0,-16423.0,0.8236397748592871,31.0,41.0,INFY,Infosys Ltd,31.8,40.0,10.993122843640371,13.030645675683516,Formula Difference
INFY,Mar 2018,22.729077451008195,26.68954368849437,24.689247262141308,28.991266577330066,20.200632648174523,0.0,0,,Debt Free,0,-12163.0,0.888757262221326,37.0,59.0,INFY,Infosys Ltd,31.8,40.0,7.110752737858693,11.008733422669934,Formula Difference
INFY,Mar 2019,18.639250075597218,24.396734200181434,23.726673646609594,31.055613721746628,18.33083529607689,0.0,0,,Debt Free,0,-11261.0,0.9834534770299527,35.0,60.0,INFY,Infosys Ltd,31.8,40.0,8.073326353390406,8.944386278253372,Formula Difference
INFY,Mar 2020,18.32670639160269,24.525558700752278,25.422459893048128,31.772327097869667,18.125272331154683,0.0707868601986249,0,147.47058823529412,,0,-4159.0,0.98900871459695,39.0,45.0,INFY,Infosys Ltd,31.8,40.0,6.377540106951873,8.227672902130333,Formula Difference
INFY,Mar 2021,19.331754120550997,27.757982323433396,25.43909051616875,34.14589353053529,18.066058356819305,0.06974368377624393,0,154.30769230769232,,0,-8880.0,0.9345276297309113,45.0,59.0,INFY,Infosys Ltd,31.8,40.0,6.36090948383125,5.8541064694647105,Formula Difference
IOC,Mar 2013,0.7854389536142752,3.0016458053618607,5.753763662610847,9.076800167640203,1.4995162850693324,1.422513761758967,0,2.4232272473478504,,0,72320.0,1.9091442793474396,3.0,36.0,IOC,"Indian Oil Corporation
",25.44,21.31,19.686236337389154,12.233199832359796,Formula Difference
IOC,Mar 2014,1.4266553358793475,3.526605166429471,10.258713353849778,10.576740015599187,2.619635800310581,1.39761165019952,0,3.7468056489576327,,0,79021.0,1.8362079013961115,5.0,30.0,IOC,"Indian Oil Corporation
",25.44,21.31,15.181286646150223,10.733259984400812,Formula Difference
IOC,Mar 2015,1.0838540890353208,2.352577379217676,7.078103207810321,7.908020190689849,2.083092828465515,0.942773709902371,0,3.912163770530826,,0,48824.0,1.9219310509955834,3.0,33.0,IOC,"Indian Oil Corporation
",25.44,21.31,18.36189679218968,13.401979809310149,Formula Difference
IOC,Mar 2016,3.587105723244087,6.3685358840613215,13.79528784174261,14.837206797188484,5.357011846449302,0.6507223827517226,0,7.816747920848867,,0,27367.0,1.4934078501607577,8.0,28.0,IOC,"Indian Oil Corporation
",25.44,21.31,11.644712158257391,6.4727932028115145,Formula Difference
IOC,Mar 2017,5.736129596852938,9.609177807354964,19.966502115655853,20.650432069276217,7.447418703122545,0.6197206550697383,0,10.287202778519903,,0,19584.0,1.2983351539352401,14.0,45.0,IOC,"Indian Oil Corporation
",25.44,21.31,5.473497884344148,0.6595679307237816,Formula Difference
IOC,Mar 2018,5.36807341539104,9.883461607812247,19.869329258654304,23.204696865043115,7.647535996755223,0.5765143931011468,0,11.868129032258064,,0,20844.0,1.424633272493747,15.0,90.0,IOC,"Indian Oil Corporation
",25.44,21.31,5.5706707413456975,1.894696865043116,Formula Difference
IOC,Mar 2019,3.2706122031664764,6.676411225428754,15.358898896584835,16.852901536079223,5.150836556209242,0.8603704131805209,0,7.991675126903553,,0,52653.0,1.5748845281083483,12.0,49.0,IOC,"Indian Oil Corporation
",25.44,21.31,10.081101103415167,4.457098463920776,Formula Difference
IOC,Mar 2020,-0.3877931962551911,3.31836043682547,-1.9664982494391918,7.1287102332273475,-0.5685503179153963,1.3605107025304515,0,1.5345303867403315,,0,94219.0,1.4661173104781762,-1.0,-437.0,IOC,"Indian Oil Corporation
",25.44,21.31,27.406498249439192,14.18128976677265,Formula Difference
IOC,Mar 2021,5.9793927737326555,10.971012501717269,19.458502476796795,17.47539247309475,6.12763800701122,1.043017578998194,0,15.214797136038186,,0,71932.0,1.0247926903095919,15.0,51.0,IOC,"Indian Oil Corporation
",25.44,21.31,5.981497523203206,3.8346075269052484,Formula Difference
IOC,Mar 2022,4.365532536597202,8.103902626921492,19.266110008611975,17.984221724313233,6.261408384889092,0.9886546598270116,0,9.550788412174551,,0,79668.0,1.434282835461276,18.0,46.0,IOC,"Indian Oil Corporation
",25.44,21.31,6.173889991388027,3.3257782756867655,Formula Difference
IOC,Mar 2023,1.3904266794653084,3.6451180627165116,8.37669355358178,10.628061157333962,2.6479937555854702,1.0662463051366653,0,4.7188982604111755,,0,96787.0,1.9044468828832906,7.0,42.0,IOC,"Indian Oil Corporation
",25.44,21.31,17.06330644641822,10.681938842666037,Formula Difference
IRCTC,Mar 2015,12.370160528800756,14.353163361661943,29.504504504504503,34.234234234234236,11.273666092943202,0.0,0,,Debt Free,0,0.0,0.9113597246127366,13.0,20.0,IRCTC,Indian Railway Catering & Tourism Corporation Ltd,40.4,53.8,10.895495495495496,19.56576576576576,Formula Difference
IRCTC,Mar 2016,13.825896122896856,13.89904901243599,34.87084870848708,35.05535055350554,13.152400835073069,0.0,0,,Debt Free,0,0.0,0.9512874043145442,19.0,40.0,IRCTC,Indian Railway Catering & Tourism Corporation Ltd,40.4,53.8,5.5291512915129175,18.744649446494456,Formula Difference
IRCTC,Mar 2017,15.06578947368421,20.657894736842106,29.09783989834816,39.898348157560356,12.54107338444688,0.0,0,127.0,,0,0.0,0.8324205914567361,11.0,49.0,IRCTC,Indian Railway Catering & Tourism Corporation Ltd,40.4,53.8,11.30216010165184,13.901651842439641,Formula Difference
IRCTC,Mar 2018,15.075034106412005,18.69031377899045,23.141361256544503,28.691099476439792,9.529969814575248,0.0,0,124.33333333333333,,0,0.0,0.6321690383786115,11.0,21.0,IRCTC,Indian Railway Catering & Tourism Corporation Ltd,40.4,53.8,17.258638743455496,25.108900523560205,Formula Difference
IRCTC,Mar 2019,16.524064171122994,20.481283422459892,28.851540616246496,35.7609710550887,11.912104857363145,0.0,0,254.5,,0,0.0,0.7208943716268311,4.0,98.0,IRCTC,Indian Railway Catering & Tourism Corporation Ltd,40.4,53.8,11.548459383753503,18.039028944911294,Formula Difference
IRCTC,Mar 2021,24.066924066924066,24.195624195624195,12.843406593406591,12.247557003257329,5.930859498889946,0.05425824175824176,0,39.0,,0,79.0,0.24643196955280686,2.0,43.0,IRCTC,Indian Railway Catering & Tourism Corporation Ltd,40.4,53.8,27.556593406593407,41.55244299674267,Formula Difference
IRCTC,Mar 2022,35.125066524747204,46.514103246407664,35.294117647058826,44.25316455696203,16.992790937178167,0.05614973262032086,0,86.0,,0,105.0,0.4837796086508754,8.0,42.0,IRCTC,Indian Railway Catering & Tourism Corporation Ltd,40.4,53.8,5.1058823529411725,9.54683544303797,Formula Difference
IRCTC,Mar 2024,26.01873536299766,34.33255269320843,34.39628482972136,44.559270516717326,18.240026268264653,0.018575851393188854,0,82.73684210526316,,0,60.0,0.7010343129207027,14.0,47.0,IRCTC,Indian Railway Catering & Tourism Corporation Ltd,40.4,53.8,6.003715170278639,9.24072948328267,Formula Difference
IRFC,Mar 2013,9.405405405405405,99.6036036036036,8.163903659680951,8.485425269007015,0.7377570489718042,9.188770722552393,1,1.3570552147239263,,1,58740.0,0.07843968624125504,222.0,21.0,IRFC,Indian Railway Finance Corporation Ltd,13.7,5.73,5.536096340319048,2.7554252690070147,Formula Difference
IRFC,Mar 2016,11.309444518449448,99.48048488077794,7.366594360086768,7.541301450094923,0.783210332103321,7.592451193058569,1,1.3533248776952347,,1,87495.0,0.06925276752767527,188.0,40.0,IRFC,Indian Railway Finance Corporation Ltd,13.7,5.73,6.333405639913232,1.8113014500949225,Formula Difference
IRFC,Mar 2017,10.323864264397038,99.71261191555212,7.7775002081772,7.618830444917402,0.7204010798303123,8.85960529602798,1,1.3096689895470384,,1,106387.0,0.06978017740069417,143.0,40.0,IRFC,Indian Railway Finance Corporation Ltd,13.7,5.73,5.9224997918227995,1.8888304449174012,Formula Difference
ITC,Mar 2013,24.36586754380416,35.48927825921943,33.26712151308403,48.241616509028376,21.80644796059894,0.0044045254339753,0,111.78703703703704,,0,-5879.0,0.8949588157038127,6.0,55.0,ITC,"ITC Ltd
",29.47,34.76,3.7971215130840292,13.481616509028377,Source Difference
ITC,Mar 2014,25.49425026907608,37.04752733246474,33.04695818188493,47.599985443429524,22.035350567959263,0.00888497264750156,0,484.3448275862069,,0,-7042.0,0.8643262828045437,7.0,54.0,ITC,"ITC Ltd
",29.47,34.76,3.576958181884933,12.839985443429526,Source Difference
ITC,Mar 2015,25.192570265605273,36.715871911791226,30.813587093521555,44.53054210279644,21.28090181058496,0.008476178472397277,0,170.12087912087912,,0,-6674.0,0.844729282729805,8.0,52.0,ITC,"ITC Ltd
",29.47,34.76,1.3435870935215561,9.77054210279644,Source Difference
ITC,Mar 2016,24.242192284139623,37.07644417228006,22.261012183692596,33.97951548031054,18.394609978509614,0.0019681349578256793,0,205.30769230769232,,0,-11664.0,0.7587849218795377,8.0,73.0,ITC,"ITC Ltd
",29.47,34.76,7.208987816307403,0.780484519689459,Formula Difference
ITC,Mar 2017,24.497287691732136,36.171904227459784,22.57341693060134,33.298176887147804,18.743067730509143,0.0009911016310085537,0,351.61224489795916,,0,-17535.0,0.7651078750581416,8.0,56.0,ITC,"ITC Ltd
",29.47,34.76,6.896583069398659,1.4618231128521941,Formula Difference
ITC,Mar 2018,26.45170199544293,38.02389007802251,21.88725956960579,31.4410231035664,17.890443797574758,0.0006855836983431727,0,163.1391304347826,,0,-22017.0,0.6763437679986302,9.0,56.0,ITC,"ITC Ltd
",29.47,34.76,7.58274043039421,3.318976896433597,Formula Difference
ITC,Mar 2019,26.553578816714936,38.347124534546964,21.70406317106576,31.33684957906481,17.89263859267623,0.00021981366564650582,0,290.38028169014086,,0,-25030.0,0.6738315281785361,10.0,56.0,ITC,"ITC Ltd
",29.47,34.76,7.76593682893424,3.423150420935187,Formula Difference
ITC,Mar 2020,31.57244674819794,39.16740908722767,23.88889740015014,29.510297482837526,20.169186791012923,0.004243714859130115,0,268.65432098765433,,0,-28386.0,0.6388224185432863,12.0,82.0,ITC,"ITC Ltd
",29.47,34.76,5.58110259984986,5.249702517162472,Formula Difference
ITC,Mar 2021,27.16974237164261,34.64482205574842,22.17674449434106,28.151704114289483,18.143734493838206,0.004490695477819941,0,338.6551724137931,,0,-24600.0,0.6677919225607029,11.0,101.0,ITC,"ITC Ltd
",29.47,34.76,7.293255505658937,6.608295885710515,Formula Difference
JINDALSTEL,Mar 2014,9.830965467178263,30.068443430467696,8.385670057496682,9.832479907762217,2.7512951112271993,1.6084918177797434,0,3.4023242944106253,,0,36026.0,0.27986011347641226,21.0,7.0,JINDALSTEL,Jindal Steel & Power Ltd,14.1,13.2,5.714329942503317,3.3675200922377826,Formula Difference
JINDALSTEL,Mar 2015,-7.48415030153085,28.163496726972838,-6.900484744796122,8.211231835054026,-1.9222367846221056,2.162389506700884,0,1.413913043478261,,1,43716.0,0.2568410183089082,-14.0,0.0,JINDALSTEL,Jindal Steel & Power Ltd,14.1,13.2,21.000484744796122,4.988768164945974,Formula Difference
JINDALSTEL,Mar 2016,-15.855976167240229,17.653705891417122,-9.517203107658158,4.337839031716582,-3.3409814065239503,1.4427487976322604,0,1.031960663798402,,1,46405.0,0.2107080239832031,-32.0,0.0,JINDALSTEL,Jindal Steel & Power Ltd,14.1,13.2,23.617203107658156,8.862160968283417,Formula Difference
JINDALSTEL,Mar 2017,-11.74836828218303,21.797898440031478,-8.44564240790656,6.204134332880989,-2.802097709080872,1.5257395760540415,0,1.2632955536181343,,1,45482.0,0.23850952249516974,-25.0,0.0,JINDALSTEL,Jindal Steel & Power Ltd,14.1,13.2,22.54564240790656,6.99586566711901,Formula Difference
JINDALSTEL,Mar 2018,-4.85489394940816,19.43459712792165,-5.3184136909659365,8.819719961279942,-1.8110500952594417,1.413921342767813,0,1.5222452146921883,,0,42816.0,0.3730359744480556,-15.0,0.0,JINDALSTEL,Jindal Steel & Power Ltd,14.1,13.2,19.418413690965934,4.380280038720057,Formula Difference
JINDALSTEL,Mar 2019,-5.135630030234638,17.910829110420305,-7.517531556802244,11.741387973870806,-2.7100819091920316,1.2329437431821724,0,1.6280487804878048,,0,39409.0,0.5277019359333042,-17.0,0.0,JINDALSTEL,Jindal Steel & Power Ltd,14.1,13.2,21.617531556802245,1.4586120261291935,Formula Difference
JINDALSTEL,Mar 2020,-1.0547688737705352,18.01281544181631,-1.2446712512057752,9.905598816722495,-0.4457221813643556,1.1458443538600367,0,1.8325371549893843,,0,36643.0,0.4225780570970114,-1.0,0.0,JINDALSTEL,Jindal Steel & Power Ltd,14.1,13.2,15.344671251205774,3.294401183277504,Formula Difference
JINDALSTEL,Mar 2022,13.223625063518742,30.322870656295198,18.992280701754385,31.581411443808904,8.827827357653566,0.37900350877192984,0,7.243114406779661,,0,13032.0,0.6675799801680496,56.0,5.0,JINDALSTEL,Jindal Steel & Power Ltd,14.1,13.2,4.892280701754386,18.381411443808904,Source Difference
JINDALSTEL,Mar 2023,7.468240246560925,18.683755543862286,10.267142045160957,19.210851754521567,5.723997868264508,0.3370536867669095,0,6.502766251728907,,0,12139.0,0.7664453310671641,31.0,6.0,JINDALSTEL,Jindal Steel & Power Ltd,14.1,13.2,3.8328579548390422,6.010851754521568,Source Difference
JSWENERGY,Mar 2013,10.15783540022548,31.578354002254795,14.522888459058672,16.892829141788795,4.421434880753754,1.6726305609284333,0,2.917964693665628,,0,9422.0,0.43527333398763374,6.0,36.0,JSWENERGY,JSW Energy Ltd,8.4,8.59,6.122888459058672,8.302829141788795,Formula Difference
JSWENERGY,Mar 2014,8.788159111933396,37.638760407030524,11.565971693806118,19.51789890268034,3.949282893369362,1.5379698676000608,0,2.5505804311774463,,0,9218.0,0.4493868218665558,5.0,43.0,JSWENERGY,JSW Energy Ltd,8.4,8.59,3.1659716938061173,10.92789890268034,Source Difference
JSWENERGY,Mar 2015,14.528725794372527,38.7717984380015,18.063314711359403,21.556031406138473,6.992790937178167,1.2362330407023145,0,3.3597185576077395,,0,7675.0,0.48130792996910404,8.0,24.0,JSWENERGY,JSW Energy Ltd,8.4,8.59,9.663314711359403,12.966031406138473,Formula Difference
JSWENERGY,Mar 2016,14.861563517915311,41.01180781758957,15.045342126957955,16.40071643735244,5.115806440309751,1.5315333882934872,0,2.916555407209613,,0,13850.0,0.3442307018465959,9.0,22.0,JSWENERGY,JSW Energy Ltd,8.4,8.59,6.645342126957955,7.81071643735244,Formula Difference
JSWENERGY,Mar 2018,1.0560318051931916,33.70605044104858,0.7650765076507651,11.799243247945027,0.3181018674450806,1.0695769576957697,0,1.8956043956043955,,0,9468.0,0.30122375659593575,0.0,0.0,JSWENERGY,JSW Energy Ltd,8.4,8.59,7.634923492349236,3.209243247945027,Formula Difference
JSWENERGY,Mar 2020,13.066602199927473,35.74277771062492,9.282156963764383,13.762449967420645,4.335967269664273,0.844925296239052,0,3.1712654614652713,,0,7986.0,0.3318358669929004,7.0,15.0,JSWENERGY,JSW Energy Ltd,8.4,8.59,0.8821569637643822,5.172449967420645,Source Difference
JSWSTEEL,Mar 2013,2.431300706621303,17.042658989793246,5.443891004980955,16.831222538123548,1.6152869785961435,1.2672135950776442,0,3.1545500762582614,,0,19875.0,0.6643715333924504,4.0,30.0,JSWSTEEL,JSW Steel Ltd,11.66,13.36,6.216108995019045,3.4712225381235484,Formula Difference
JSWSTEEL,Mar 2014,0.7848496680983992,17.90121046466224,1.8985548313969962,16.170790638613074,0.517774343122102,1.6778596391801266,0,2.4734251968503935,,0,34864.0,0.6597114889232355,2.0,74.0,JSWSTEEL,JSW Steel Ltd,11.66,13.36,9.761445168603004,2.8107906386130743,Formula Difference
JSWSTEEL,Mar 2016,-1.1577528522601455,15.457565108554375,-2.536117262469683,10.498610429949322,-0.5872513948746749,2.225245175577349,0,1.237434046098306,,1,41009.0,0.5072338139597348,-1.0,-67.0,JSWSTEEL,JSW Steel Ltd,11.66,13.36,14.196117262469683,2.8613895700506777,Formula Difference
JSWSTEEL,Mar 2017,6.235162937918135,22.135098194374507,15.30887093213229,18.653854897622043,3.939548889267655,1.9134543206605732,0,3.271231422505308,,0,41968.0,0.6318277370603943,15.0,19.0,JSWSTEEL,JSW Steel Ltd,11.66,13.36,3.64887093213229,5.293854897622044,Source Difference
JSWSTEEL,Mar 2018,8.49818581179709,20.735962631893567,21.83370240731481,22.13351931266786,6.646732630205501,1.4069933566683335,0,3.982437179140773,,0,37924.0,0.7821354789605306,26.0,16.0,JSWSTEEL,JSW Steel Ltd,11.66,13.36,10.17370240731481,8.773519312667862,Formula Difference
JSWSTEEL,Mar 2019,8.877142890852673,22.334438453461072,21.623796522488863,23.031718801328612,6.55417824507609,1.3621497341572064,0,4.882818483533316,,0,45502.0,0.7383206878228525,32.0,16.0,JSWSTEEL,JSW Steel Ltd,11.66,13.36,9.963796522488863,9.671718801328613,Formula Difference
JSWSTEEL,Mar 2021,9.861095454602388,25.273362642317664,16.835600034214355,18.485470336032833,5.30822495061254,1.3341886921563595,0,5.218852666161233,,0,53811.0,0.5382997228908352,33.0,25.0,JSWSTEEL,JSW Steel Ltd,11.66,13.36,5.175600034214355,5.1254703360328335,Formula Difference
JSWSTEEL,Mar 2022,14.304746158733629,26.722506507436584,31.112828209281247,28.031877535224393,10.656284194722243,1.0734059467732588,0,8.19524959742351,,0,67297.0,0.7449474514593989,85.0,25.0,JSWSTEEL,JSW Steel Ltd,11.66,13.36,19.452828209281247,14.671877535224393,Formula Difference
JSWSTEEL,Mar 2023,2.4939744516751023,11.129187756085804,6.300327269959662,12.60337909763354,1.9659065541301135,1.2307329324910572,0,2.9022022602144304,,0,76047.0,0.7882625071839422,17.0,25.0,JSWSTEEL,JSW Steel Ltd,11.66,13.36,5.359672730040338,0.7566209023664587,Formula Difference
LICI,Mar 2019,0.4596611071061123,1.0358560160137742,324.32098765432096,2.1908804600848963,0.07665039803060705,332.59382716049384,1,,Debt Free,0,-2630886.0,0.16675415179930025,,2.0,LICI,Life Insurance Corporation of India,63.61,63.79,260.71098765432095,61.5991195399151,Formula Difference
LICI,Mar 2020,0.43149911709867,-1.1061344525772918,270.45908183632736,-2.7305672599207598,0.0774322439292835,252.90818363273453,1,,Debt Free,0,-2722686.0,0.1794493681700332,,2.0,LICI,Life Insurance Corporation of India,63.61,63.79,206.84908183632734,66.52056725992075,Formula Difference
LICI,Mar 2021,0.43044431000095523,-0.03647342505724301,43.201626961069145,-3.6585365853658534,0.07765978226014512,0.0005810575246949448,0,,Debt Free,0,-3517441.0,0.18041772293371186,7.0,0.0,LICI,Life Insurance Corporation of India,63.61,63.79,20.408373038930854,67.44853658536586,Formula Difference
LICI,Mar 2022,0.5700616081127022,0.4596424020806903,36.38207796789557,29.332392627215803,0.09696621509010571,8.819897689186806e-05,0,,Debt Free,0,-3926211.0,0.17009778190664493,57.0,23.0,LICI,Life Insurance Corporation of India,63.61,63.79,27.22792203210443,34.457607372784196,Formula Difference
LICI,Mar 2023,4.5877791768838225,4.359645590012082,77.85997015119071,73.98827677200268,0.7862197392110195,0.0,0,545.5454545454545,,0,-4243008.0,0.17137262036771503,65.0,5.0,LICI,Life Insurance Corporation of India,63.61,63.79,14.249970151190709,10.198276772002679,Formula Difference
LICI,Mar 2024,4.836600998148862,3.87474201090824,49.44710986501021,39.613520731869436,0.7696696436280568,0.0,0,371.9375,,0,-4976133.0,0.15913440945875762,66.0,15.0,LICI,Life Insurance Corporation of India,63.61,63.79,14.162890134989787,24.176479268130564,Formula Difference
LODHA,Mar 2011,12.149102623101703,23.469857340082832,35.483870967741936,8.04416403785489,2.7853977632411904,7.521505376344086,1,2.314487632508834,,0,5220.0,0.22926777801223888,6.0,0.0,LODHA,Macrotech Developers Ltd,10.7,11.1,24.783870967741937,3.0558359621451103,Formula Difference
LODHA,Mar 2012,12.897765741367637,24.509140148950575,33.83658969804618,13.444753946146704,4.110919292188174,3.782415630550622,0,3.338582677165354,,0,4078.0,0.3187311178247734,9.0,0.0,LODHA,Macrotech Developers Ltd,10.7,11.1,23.136589698046183,2.344753946146705,Formula Difference
LODHA,Mar 2015,12.796664528543939,23.524695317511224,24.225865209471767,9.685725604119899,2.8502035859704264,3.5980570734669097,0,3.841463414634146,,0,11257.0,0.22273019501392957,18.0,0.0,LODHA,Macrotech Developers Ltd,10.7,11.1,13.525865209471768,1.414274395880101,Formula Difference
LODHA,Mar 2016,8.522245120620681,25.772820947993697,17.694437452806444,11.938454627133872,2.2691326942319487,3.4822552227535866,0,2.668016194331984,,0,13224.0,0.26625996578548144,16.0,0.0,LODHA,Macrotech Developers Ltd,10.7,11.1,6.994437452806444,0.8384546271338724,Formula Difference
LODHA,Mar 2018,8.20502221762943,17.381419861527334,15.411490683229815,6.057332180927687,1.9726217982161933,4.3897515527950315,0,5.043589743589743,,0,21232.0,0.2404163871705051,10.0,0.0,LODHA,Macrotech Developers Ltd,10.7,11.1,4.711490683229815,5.042667819072313,Source Difference
LODHA,Mar 2019,13.80700428319476,26.698580666834637,42.80135381411091,10.782850552879724,3.2969677522862186,6.675605311116897,1,5.723591549295775,,0,24236.0,0.23878950746029198,21.0,0.0,LODHA,Macrotech Developers Ltd,10.7,11.1,32.10135381411091,0.3171494471202756,Formula Difference
LODHA,Mar 2020,5.96319215623242,15.406252511452223,16.300527240773285,8.343852013057672,1.823409431597572,4.047231985940246,0,2.7513513513513512,,0,16870.0,0.30577740643353896,9.0,0.0,LODHA,Macrotech Developers Ltd,10.7,11.1,5.600527240773285,2.7561479869423273,Formula Difference
LODHA,Mar 2021,0.8808955771701229,25.380803817214172,1.0437051532941943,6.067918567918568,0.12211254706421083,3.9558599695586,0,1.0941901408450705,,1,16614.0,0.13862318103185103,1.0,0.0,LODHA,Macrotech Developers Ltd,10.7,11.1,9.656294846705805,5.032081432081432,Formula Difference
LODHA,Mar 2023,5.174234424498416,21.795142555438225,3.8695411829740185,9.50145007595636,1.2524922038750574,0.7154702677090736,0,2.1307053941908713,,0,8814.0,0.24206328919789377,5.0,14.0,LODHA,Macrotech Developers Ltd,10.7,11.1,6.830458817025981,1.59854992404364,Formula Difference
LT,Mar 2013,7.1090747856931715,15.309166151613685,395.1456310679612,724.3483788938335,227.2766323024055,0.17475728155339806,0,2.9980611805256356,,0,185.0,31.969931271477662,38.0,22.0,LT,Larsen & Toubro Ltd,10.49,17.18,384.65563106796117,707.1683788938335,Formula Difference
LT,Mar 2014,5.743410068897406,16.561243445340608,303.41614906832297,818.9534883720929,183.23330832708177,0.06832298136645963,0,2.374961502925778,,0,-59.0,31.903225806451612,35.0,27.0,LT,Larsen & Toubro Ltd,10.49,17.18,292.92614906832296,801.773488372093,Formula Difference
LT,Mar 2015,5.401995017894244,17.06099272264465,245.11352418558738,698.9304812834224,166.75621222296843,0.10760118460019744,0,2.3542526837324527,,0,114.0,30.869375419744795,34.0,32.0,LT,Larsen & Toubro Ltd,10.49,17.18,234.62352418558737,681.7504812834225,Formula Difference
LT,Mar 2016,4.541049425446491,15.314174956982654,216.09411764705882,710.3669724770642,146.38189352884922,0.02588235294117647,0,2.4213654152775765,,0,12.0,32.23525661459993,31.0,40.0,LT,Larsen & Toubro Ltd,10.49,17.18,205.6041176470588,693.1869724770643,Formula Difference
LT,Mar 2017,5.933474824355972,15.20418618266979,206.29770992366412,528.6259541984733,146.84174779261943,0.0,0,2.6484111875823695,,0,-941.0,24.748019017432647,43.0,22.0,LT,Larsen & Toubro Ltd,10.49,17.18,195.8077099236641,511.4459541984733,Formula Difference
LT,Mar 2018,6.687666585897746,16.8035560605934,207.3575129533679,521.0103626943005,149.97189432265316,0.0,0,2.7969924812030076,,0,-1264.0,22.42514521266629,53.0,30.0,LT,Larsen & Toubro Ltd,10.49,17.18,196.86751295336788,503.8303626943005,Formula Difference
LT,Mar 2019,7.555834935660405,16.910220381600354,208.80850194154914,467.3206621704476,153.31632653061226,0.0,0,2.737659278295321,,0,-1740.0,20.29111644657863,63.0,28.0,LT,Larsen & Toubro Ltd,10.49,17.18,198.31850194154913,450.14066217044757,Formula Difference
LT,Mar 2020,7.489756070731238,16.880482908450897,201.59141376757955,388.7428752374921,123.58479863868406,0.1687638786084382,0,2.501406405952273,,0,-1307.0,16.500510493477027,68.0,26.0,LT,Larsen & Toubro Ltd,10.49,17.18,191.10141376757954,371.5628752374921,Formula Difference
LT,Mar 2021,9.502202545981364,17.252664014296325,176.90306681270536,289.5581337941249,120.68933308425183,0.1092552026286966,0,2.6868936170212767,,0,-2932.0,12.701195591257239,82.0,44.0,LT,Larsen & Toubro Ltd,10.49,17.18,166.41306681270535,272.3781337941249,Formula Difference
LT,Mar 2022,6.656614767347513,15.534017799528499,72.92133258678611,167.15248178193318,50.64650981917169,0.018057110862262037,0,2.8887926367081755,,0,-5790.0,7.608448376433988,62.0,36.0,LT,Larsen & Toubro Ltd,10.49,17.18,62.431332586786105,149.97248178193317,Formula Difference
LT,Mar 2023,6.834805089968965,14.817198553515034,75.52434908389586,149.81525395687422,53.36655168008176,0.09287608486017358,0,3.1823186871360507,,0,-3917.0,7.8080575784676975,75.0,32.0,LT,Larsen & Toubro Ltd,10.49,17.18,65.03434908389586,132.6352539568742,Formula Difference
LT,Mar 2024,7.031246466738726,13.506668535997433,77.66510140873214,135.2030422382181,56.44423467905896,0.10345688880007993,0,3.5441547518923464,,0,-6673.0,8.027628521638107,95.0,36.0,LT,Larsen & Toubro Ltd,10.49,17.18,67.17510140873215,118.0230422382181,Formula Difference
LTIM,Mar 2013,14.593612048818489,22.591534666320438,41.97162061239731,55.30832803560076,24.140893470790378,0.17475728155339806,0,42.476190476190474,,0,185.0,1.654209621993127,174.0,54.0,LTIM,LTIMindtree Ltd,26.04,34.1,15.93162061239731,21.208328035600758,Formula Difference
LTIM,Mar 2014,20.243902439024392,23.3130081300813,61.86335403726708,66.68604651162791,37.35933983495874,0.06832298136645963,0,44.0,,0,-59.0,1.8454613653413354,309.0,55.0,LTIM,LTIMindtree Ltd,26.04,34.1,35.82335403726708,32.586046511627906,Formula Difference
LTIM,Mar 2015,15.447971072719968,20.188830855765367,37.95656465942744,44.786096256684495,25.822699798522496,0.10760118460019744,0,110.4,,0,114.0,1.671591672263264,238.0,63.0,LTIM,LTIMindtree Ltd,26.04,34.1,11.916564659427443,10.686096256684493,Formula Difference
LTIM,Mar 2016,14.300376325692781,17.584673280875812,39.34117647058824,47.1559633027523,26.64966528530443,0.02588235294117647,0,202.5,,0,12.0,1.8635639145680587,49.0,72.0,LTIM,LTIMindtree Ltd,26.04,34.1,13.301176470588238,13.055963302752296,Formula Difference
LTIM,Mar 2017,14.936163667128133,18.920166128287956,30.884223918575067,39.12213740458015,21.983246547430383,0.0,0,472.3333333333333,,0,-941.0,1.4718134480416571,57.0,29.0,LTIM,LTIMindtree Ltd,26.04,34.1,4.844223918575068,5.02213740458015,Source Difference
LTIM,Mar 2024,12.90931103415266,17.982937748120616,22.904386052552702,28.914844492733938,16.64609352309033,0.10345688880007993,0,31.93243243243243,,0,-6673.0,1.2894641301190821,155.0,42.0,LTIM,LTIMindtree Ltd,26.04,34.1,3.135613947447297,5.185155507266064,Source Difference
M&M,Mar 2013,6.010801682849781,13.270638929730833,20.685336405991684,18.729454306377384,5.423546255795931,1.438354791844096,0,4.3347845015237265,,0,22271.0,0.9022999829241701,33.0,19.0,M&M,"Mahindra & Mahindra Ltd
",17.99,26.98,2.695336405991686,8.250545693622616,Source Difference
M&M,Mar 2014,6.964770746341266,13.743057526249643,22.11352812459776,17.39234531586688,5.864215089487876,1.5088599991418887,0,3.7044685172647256,,0,27085.0,0.8419825006542343,38.0,18.0,M&M,"Mahindra & Mahindra Ltd
",17.99,26.98,4.123528124597762,9.58765468413312,Source Difference
M&M,Mar 2015,4.732112865300638,12.306852536110178,13.075762849518505,13.789047798268724,3.582478596253285,1.4661793711567468,0,3.0386442825467217,,0,27884.0,0.7570568788675087,25.0,23.0,M&M,"Mahindra & Mahindra Ltd
",17.99,26.98,4.914237150481494,13.190952201731276,Source Difference
M&M,Mar 2016,4.686119645046874,13.293601086483564,13.41537067794051,14.81666544198692,3.5592677162200057,1.5685112486788464,0,3.4088479809976246,,0,29950.0,0.7595341104835156,25.0,21.0,M&M,"Mahindra & Mahindra Ltd
",17.99,26.98,4.574629322059488,12.16333455801308,Source Difference
M&M,Mar 2017,4.83568691583207,12.814391271650772,13.604002955201826,13.668194550547492,3.558659463258225,1.6375176304654442,0,3.513024403619413,,0,34100.0,0.7359160187991391,30.0,22.0,M&M,"Mahindra & Mahindra Ltd
",17.99,26.98,4.385997044798172,13.311805449452509,Source Difference
M&M,Mar 2018,8.641170977479531,14.361413338545399,21.63970088375255,14.271686467471648,5.835637131606157,1.52,0,4.412340105342363,,0,39880.0,0.675329437042143,60.0,11.0,M&M,"Mahindra & Mahindra Ltd
",17.99,26.98,3.6497008837525513,12.708313532528352,Source Difference
M&M,Mar 2019,5.745743451647711,14.521442690577821,15.0488957807068,13.720890364609179,3.7167441889195683,1.771953080059025,0,3.5616411073491334,,0,52580.0,0.6468691510850026,43.0,17.0,M&M,"Mahindra & Mahindra Ltd
",17.99,26.98,2.941104219293198,13.259109635390821,Source Difference
M&M,Mar 2020,-0.4258311002626622,13.47536547186331,-0.8031224198754034,8.32206847395974,-0.19370489270800648,2.053891766118742,0,1.8340807174887892,,0,62882.0,0.4548866735861353,1.0,205.0,M&M,"Mahindra & Mahindra Ltd
",17.99,26.98,18.793122419875402,18.657931526040258,Formula Difference
M&M,Mar 2021,2.035596004200436,15.464875198578316,3.636188735510557,9.399625226050881,0.9165413898453033,1.9389399259294888,0,2.0712881022615535,,0,51847.0,0.45025701954318414,15.0,54.0,M&M,"Mahindra & Mahindra Ltd
",17.99,26.98,14.35381126448944,17.580374773949117,Formula Difference
M&M,Mar 2022,8.043606037417796,16.28350578345588,15.391634658234832,11.77201590661279,4.207369422465601,1.6468603442055896,0,3.564567556795536,,0,47545.0,0.5230700512796714,53.0,20.0,M&M,"Mahindra & Mahindra Ltd
",17.99,26.98,2.5983653417651666,15.20798409338721,Source Difference
M&M,Mar 2023,9.379148834409454,16.72727572586564,20.178831210304086,13.649546136609853,5.567766285006584,1.6365716921548452,0,4.158833619210978,,0,56975.0,0.5936323629474797,83.0,18.0,M&M,"Mahindra & Mahindra Ltd
",17.99,26.98,2.1888312103040874,13.330453863390147,Source Difference
M&M,Mar 2024,8.82238743726542,17.89787025985418,18.537543435564285,14.237260991666522,5.227460570376871,1.6414413053331318,0,3.7646901709401708,,0,73439.0,0.5925222177725139,91.0,21.0,M&M,"Mahindra & Mahindra Ltd
",17.99,26.98,0.5475434355642861,12.742739008333478,Source Difference
MARUTI,Mar 2016,9.54522565073191,15.66965913629339,17.954664227854717,29.254060362433947,12.865702382624164,0.0075450744708649075,0,127.90243902439025,,0,-20445.0,1.347867808828348,182.0,19.0,MARUTI,Maruti Suzuki India Ltd,15.75,23.67,2.2046642278547175,5.584060362433945,Source Difference
MARUTI,Mar 2020,7.504625958234206,9.721120803595031,11.490903203610387,14.829525979393916,8.923744263531779,0.0037237164308987513,0,80.33582089552239,,0,-37304.0,1.1890991387439491,188.0,32.0,MARUTI,Maruti Suzuki India Ltd,15.75,23.67,4.259096796389613,8.840474020606086,Source Difference
MARUTI,Mar 2021,6.236855567555278,7.689137725231626,8.359840764937811,10.201349873685004,6.149125756556826,0.010304565627321384,0,82.91176470588235,,0,-42404.0,0.985933647164313,145.0,31.0,MARUTI,Maruti Suzuki India Ltd,15.75,23.67,7.390159235062189,13.468650126314998,Formula Difference
MARUTI,Mar 2022,4.3926185893807315,6.511943846937621,7.012090434279725,10.315823454509585,5.197171024432062,0.007698841559286501,0,59.94488188976378,,0,-41609.0,1.1831600942991856,128.0,47.0,MARUTI,Maruti Suzuki India Ltd,15.75,23.67,8.737909565720276,13.354176545490416,Formula Difference
MARUTI,Mar 2023,6.9791402753145855,11.081834304535091,11.077747989276139,17.300390254192596,8.255249435598266,0.016729222520107237,0,61.654761904761905,,0,-47936.0,1.1828461830459713,274.0,34.0,MARUTI,Maruti Suzuki India Ltd,15.75,23.67,4.672252010723861,6.369609745807406,Source Difference
MOTHERSON,Mar 2013,1.7867025061269666,5.850264843070598,19.746614242027086,20.575559571805925,3.548159196169244,2.142420270860638,0,7.192,,0,4832.0,1.9858701624931314,1.0,26.0,MOTHERSON,Samvardhana Motherson International Ltd,11.8,13.7,7.946614242027085,6.875559571805926,Formula Difference
MOTHERSON,Mar 2014,3.6068915630959424,7.881238903136713,37.07333558634674,30.734709578151044,7.19627394384676,1.6356877323420074,0,9.210884353741497,,0,4765.0,1.9951456310679612,2.0,29.0,MOTHERSON,Samvardhana Motherson International Ltd,11.8,13.7,25.273335586346736,17.034709578151045,Formula Difference
MOTHERSON,Mar 2015,3.7275323851014104,8.2051873863997,38.86883273164862,33.63690124186871,7.414634146341463,1.5436221419975933,0,9.61006289308176,,0,5066.0,1.9891535150645625,2.0,31.0,MOTHERSON,Samvardhana Motherson International Ltd,11.8,13.7,27.068832731648616,19.936901241868714,Formula Difference
MOTHERSON,Mar 2016,4.766766981943251,9.533533963886502,40.34569024334774,33.900248423466465,9.021103483346046,1.3802592676825107,0,10.797101449275363,,0,5479.0,1.8924993643529113,3.0,26.0,MOTHERSON,Samvardhana Motherson International Ltd,11.8,13.7,28.54569024334774,20.200248423466466,Formula Difference
MOTHERSON,Mar 2017,5.12554276005286,9.842835567302247,26.25725338491296,22.399441490789968,6.799398948159278,1.251088007736944,0,12.045333333333334,,0,9875.0,1.3265715001252192,3.0,18.0,MOTHERSON,Samvardhana Motherson International Ltd,11.8,13.7,14.45725338491296,8.699441490789969,Formula Difference
MOTHERSON,Mar 2018,4.013995701827612,9.10786281370442,22.865236746256574,25.313456412281564,6.112403310434359,1.0495750708215297,0,12.781021897810218,,0,9582.0,1.5227727592362201,3.0,30.0,MOTHERSON,Samvardhana Motherson International Ltd,11.8,13.7,11.065236746256573,11.613456412281565,Formula Difference
MOTHERSON,Mar 2019,3.3027407395746424,8.418997843300852,19.13709750980571,23.772058496688448,4.907143191280348,1.0520842834990423,0,13.430260047281324,,0,10679.0,1.4857791083875194,3.0,29.0,MOTHERSON,Samvardhana Motherson International Ltd,11.8,13.7,7.337097509805709,10.072058496688449,Formula Difference
MOTHERSON,Mar 2020,2.1307777174002536,7.6635544797378525,11.490986590888909,19.076115915891297,2.8734483600914884,1.166503862889619,0,8.930860033726812,,0,12340.0,1.3485444007727667,2.0,40.0,MOTHERSON,Samvardhana Motherson International Ltd,11.8,13.7,0.3090134091110919,5.3761159158912974,Source Difference
MOTHERSON,Mar 2022,1.8534198889829712,7.391727036096214,5.741208470953954,13.577971081283485,2.121092488246061,0.6863221293957645,0,9.740331491712707,,0,7668.0,1.144420916627786,1.0,34.0,MOTHERSON,Samvardhana Motherson International Ltd,11.8,13.7,6.058791529046046,0.12202891871651467,Formula Difference
MOTHERSON,Mar 2024,3.0600251286831757,9.445547764763102,11.546549416937488,20.231351867526097,3.58763572429851,0.7616899254444657,0,5.224737713970182,,0,13401.0,1.1724203473591674,4.0,20.0,MOTHERSON,Samvardhana Motherson International Ltd,11.8,13.7,0.2534505830625129,6.531351867526098,Source Difference
NAUKRI,Mar 2013,16.101694915254235,25.635593220338983,12.5,19.868637110016422,9.212121212121211,0.001644736842105263,0,48.333333333333336,,0,-260.0,0.5721212121212121,8.0,12.0,NAUKRI,Info Edge (India) Ltd,2.44,3.65,10.06,16.218637110016424,Formula Difference
NAUKRI,Mar 2014,10.582010582010582,17.10758377425044,8.928571428571429,14.413075780089152,5.660377358490567,0.001488095238095238,0,48.333333333333336,,0,-537.0,0.5349056603773585,8.0,30.0,NAUKRI,Info Edge (India) Ltd,2.44,3.65,6.488571428571429,10.763075780089151,Formula Difference
NAUKRI,Mar 2016,15.775401069518717,12.165775401069519,7.647440051847052,5.89378238341969,6.129870129870129,0.0006480881399870382,0,67.33333333333333,,0,-567.0,0.38857142857142857,11.0,27.0,NAUKRI,Info Edge (India) Ltd,2.44,3.65,5.207440051847051,2.2437823834196897,Formula Difference
NAUKRI,Mar 2017,-4.842342342342342,-1.0135135135135136,-2.701005025125628,-0.5649717514124294,-2.0944958597174863,0.000628140703517588,0,10.25,,0,-550.0,0.43253774963468095,-2.0,-230.0,NAUKRI,Info Edge (India) Ltd,2.44,3.65,5.141005025125628,4.214971751412429,Formula Difference
NAUKRI,Mar 2018,50.708502024291505,22.16599190283401,24.49877750611247,10.703812316715542,19.298921417565484,0.0004889975550122249,0,124.0,,0,-1564.0,0.38058551617873654,42.0,13.0,NAUKRI,Info Edge (India) Ltd,2.44,3.65,22.05877750611247,7.0538123167155415,Formula Difference
NAUKRI,Mar 2019,51.433536055603824,0.7819287576020852,23.27959103421156,0.3537735849056604,18.563813107557227,0.00039323633503735744,0,106.57142857142857,,0,-1203.0,0.36092819065537785,49.0,12.0,NAUKRI,Info Edge (India) Ltd,2.44,3.65,20.83959103421156,3.2962264150943397,Formula Difference
NAUKRI,Mar 2020,-18.75,-26.676829268292686,-11.207289293849659,-15.404929577464788,-8.50328378845489,0.03507972665148064,0,-4.571428571428571,,1,-1056.0,0.4535084687175942,-19.0,-31.0,NAUKRI,Info Edge (India) Ltd,2.44,3.65,13.647289293849658,19.054929577464787,Formula Difference
NAUKRI,Mar 2021,125.70921985815602,6.560283687943262,26.278724981467754,1.3550631752426296,22.536554354736175,0.012045959970348406,0,150.72727272727272,,0,-2259.0,0.1792752701843611,110.0,7.0,NAUKRI,Info Edge (India) Ltd,2.44,3.65,23.838724981467752,2.2949368247573703,Formula Difference
NAUKRI,Mar 2022,810.6985525487728,28.067967275015732,74.71291033522793,2.577140875996764,62.891178050090325,0.0037118663728105787,0,1296.0,,0,-15550.0,0.0775765268759459,991.0,1.0,NAUKRI,Info Edge (India) Ltd,2.44,3.65,72.27291033522793,1.072859124003236,Formula Difference
NESTLEIND,Dec 2013,12.27337655202725,21.404241292165697,47.170608108108105,54.76525161653078,17.690845739626226,0.5021114864864865,0,55.270270270270274,,0,338.0,1.441400063351283,12.0,42.0,NESTLEIND,Nestle India Ltd,135.61,185.43,88.43939189189192,130.66474838346923,Formula Difference
NESTLEIND,Dec 2014,12.02435312024353,20.690005073566716,41.76947479732112,71.36856842842143,20.36082474226804,0.007049700387733521,0,151.85714285714286,,0,-792.0,1.693298969072165,12.0,51.0,NESTLEIND,Nestle India Ltd,135.61,185.43,93.84052520267889,114.06143157157858,Formula Difference
NESTLEIND,Dec 2015,6.886850152905198,19.021406727828747,19.985800496982606,54.85008818342152,9.250739401906014,0.006389776357827476,0,388.0,,0,-1307.0,1.343246795925074,6.0,83.0,NESTLEIND,Nestle India Ltd,135.61,185.43,115.62419950301741,130.5799118165785,Formula Difference
NESTLEIND,Dec 2016,10.95066185318893,20.238485942457064,30.499695307739184,55.80693815987934,14.698972099853158,0.010054844606946984,0,21.86813186813187,,0,-1723.0,1.3422907488986784,10.0,61.0,NESTLEIND,Nestle India Ltd,135.61,185.43,105.11030469226083,129.62306184012067,Formula Difference
NESTLEIND,Dec 2017,12.237762237762238,20.94905094905095,35.8187134502924,60.6946454413893,16.637240255330706,0.01023391812865497,0,24.717391304347824,,0,-1944.0,1.3595002037213093,13.0,68.0,NESTLEIND,Nestle India Ltd,135.61,185.43,99.79128654970762,124.73535455861071,Formula Difference
NESTLEIND,Dec 2018,14.231314204746722,23.18455543747786,43.75170160631636,70.60409924487594,19.868941641938676,0.00952899537163082,0,25.6875,,0,-2623.0,1.3961424332344214,17.0,69.0,NESTLEIND,Nestle India Ltd,135.61,185.43,91.85829839368365,114.82590075512407,Formula Difference
NESTLEIND,Dec 2019,15.910744603444094,23.655913978494624,102.60688216892598,138.8704318936877,27.436219155165205,0.09854014598540146,0,24.5968992248062,,0,-1562.0,1.7243831033040569,20.0,168.0,NESTLEIND,Nestle India Ltd,135.61,185.43,33.003117831074036,46.5595681063123,Formula Difference
NESTLEIND,Dec 2020,15.595505617977528,23.98501872659176,103.12035661218424,147.83010156971378,26.354430379746834,0.07280832095096583,0,20.414634146341463,,0,-1317.0,1.6898734177215189,22.0,93.0,NESTLEIND,Nestle India Ltd,135.61,185.43,32.489643387815775,37.59989843028623,Formula Difference
NESTLEIND,Dec 2021,14.368089003459739,24.163896614883658,108.83864337101747,161.03074141048825,25.722613553558414,0.1366906474820144,0,17.07920792079208,,0,-508.0,1.790259897983969,22.0,91.0,NESTLEIND,Nestle India Ltd,135.61,185.43,26.771356628982545,24.39925858951176,Formula Difference
NESTLEIND,Dec 2022,14.150440906669823,21.932887494821564,97.23464823098821,135.75091575091577,26.628800534580687,0.11020740138267589,0,24.6,,0,-507.0,1.8818353936964027,25.0,89.0,NESTLEIND,Nestle India Ltd,135.61,185.43,38.3753517690118,49.67908424908424,Formula Difference
NESTLEIND,Dec 2023,15.680225870542715,23.376555474223572,121.96014640097602,163.77289377289378,33.400155919367414,0.11020740138267589,0,38.54621848739496,,0,-507.0,2.130081300813008,31.0,56.0,NESTLEIND,Nestle India Ltd,135.61,185.43,13.649853599023999,21.657106227106226,Formula Difference
NESTLEIND,Mar 2024,16.12281708616873,23.829630236943512,117.75449101796407,157.74762550881954,37.37527321106148,0.10329341317365269,0,41.186206896551724,,0,-119.0,2.318160220469448,41.0,79.0,NESTLEIND,Nestle India Ltd,135.61,185.43,17.855508982035943,27.682374491180468,Formula Difference
ONGC,Mar 2013,14.812574081390755,26.855121493480837,15.730882198678275,25.114020806632258,9.467927268135615,0.1356210007342914,0,101.21694214876032,,0,18558.0,0.6391817665256645,19.0,34.0,ONGC,Oil & Natural Gas Corpn Ltd,14.32,19.71,1.4108821986782747,5.404020806632257,Source Difference
ONGC,Mar 2016,10.563062336740945,31.55132380921668,6.623393693065202,16.08415463146387,3.8335498519480824,0.23001405360591262,0,10.674986723313861,,0,12113.0,0.36292030944606346,10.0,56.0,ONGC,Oil & Natural Gas Corpn Ltd,14.32,19.71,7.6966063069347985,3.6258453685361296,Formula Difference
ONGC,Mar 2020,2.8876207376338447,13.13368353128592,5.585459084171932,15.573395660789593,2.2535033952050103,0.6312553631328497,0,7.088663372946989,,0,72718.0,0.7804014446341597,9.0,58.0,ONGC,Oil & Natural Gas Corpn Ltd,14.32,19.71,8.734540915828068,4.1366043392104075,Formula Difference
ONGC,Mar 2021,7.029807568891126,16.28210064867747,9.665989383702671,13.968794470420818,3.9427925899126532,0.6027079251157339,0,11.959834613112818,,0,72867.0,0.5608677835451169,13.0,28.0,ONGC,Oil & Natural Gas Corpn Ltd,14.32,19.71,4.654010616297329,5.741205529579183,Source Difference
PFC,Mar 2013,25.63243617881483,34.578953448076696,18.741554054054056,3.669561699754218,2.6209177346010746,5.889907094594594,1,0.5456116416552979,,1,139446.0,0.10225004429221048,13.0,21.0,PFC,Power Finance Corporation Ltd,19.49,9.96,0.7484459459459423,6.290438300245783,Source Difference
PFC,Mar 2014,25.515018451908254,35.53510533937497,19.845941428675243,4.073643680684599,2.81082750102923,5.785008356950803,1,0.5845399525013407,,1,159188.0,0.11016364759160148,17.0,22.0,PFC,Power Finance Corporation Ltd,19.49,9.96,0.35594142867524425,5.886356319315402,Source Difference
PFC,Mar 2015,24.027533215943652,33.73219145189691,18.52457498997254,3.8277794428852987,2.6228419654714474,5.794174817191694,1,0.546972049689441,,1,187267.0,0.10915985182078702,18.0,20.0,PFC,Power Finance Corporation Ltd,19.49,9.96,0.9654250100274595,6.132220557114702,Source Difference
PFC,Mar 2016,22.19590108036323,32.88467750619145,17.164427667369825,3.8709186777529916,2.501415743062859,5.569557011213501,1,0.5515398931380201,,1,198430.0,0.11269719278375535,19.0,30.0,PFC,Power Finance Corporation Ltd,19.49,9.96,2.3255723326301734,6.08908132224701,Source Difference
PFC,Mar 2017,8.107030201950618,19.125484935281534,6.068666033383091,2.199401262518867,0.8615341935831885,5.5093771203691135,1,0.3163764312977099,,1,199848.0,0.10627001159757568,7.0,59.0,PFC,Power Finance Corporation Ltd,19.49,9.96,13.421333966616906,7.760598737481134,Formula Difference
PFC,Mar 2018,18.091888779203686,24.169134583744654,22.08414921925993,2.4433194382361196,1.6835364791753984,11.074735150876135,1,0.38938228399749086,,1,435658.0,0.09305476612870815,20.0,31.0,PFC,Power Finance Corporation Ltd,19.49,9.96,2.5941492192599327,7.516680561763881,Source Difference
PFC,Mar 2019,23.361549550881602,32.866964846782246,26.824558052672902,3.03149116362006,2.009957558728447,11.448993017975,1,0.5162734282496317,,1,534884.0,0.08603699657639349,30.0,0.0,PFC,Power Finance Corporation Ltd,19.49,9.96,7.334558052672904,6.92850883637994,Formula Difference
PFC,Mar 2020,15.23902941034588,22.53131582755793,19.18421052631579,2.169171203834287,1.3645375733779108,12.076133603238866,1,0.3456236993512058,,1,592157.0,0.08954228885807629,22.0,35.0,PFC,Power Finance Corporation Ltd,19.49,9.96,0.3057894736842073,7.790828796165714,Source Difference
PFC,Mar 2021,21.932566707602994,27.731104164340735,25.86272154294272,2.7581411036728487,2.0260227121838525,10.855925090921058,1,0.4457300152179751,,1,656183.0,0.09237508492252874,36.0,22.0,PFC,Power Finance Corporation Ltd,19.49,9.96,6.37272154294272,7.201858896327153,Formula Difference
PFC,Mar 2022,24.60989745876059,30.602396999816424,26.18449690272895,3.1875894622974466,2.372692793931732,9.214744126346336,1,0.523764790087007,,1,656702.0,0.09641213653603034,42.0,23.0,PFC,Power Finance Corporation Ltd,19.49,9.96,6.69449690272895,6.772410537702554,Formula Difference
PFC,Mar 2023,27.263014262911284,34.11384583698059,25.165759642577058,3.172571817132678,2.363432249540236,8.925568573397657,1,0.564646829870047,,1,745185.0,0.08669005660006784,48.0,22.0,PFC,Power Finance Corporation Ltd,19.49,9.96,5.675759642577059,6.787428182867323,Formula Difference
PFC,Mar 2024,28.916597455960137,36.68859553263103,26.1609340860332,3.4859018926226346,2.54707727671322,8.521864217426122,1,0.5804147544943239,,1,850990.0,0.0880835748601615,60.0,23.0,PFC,Power Finance Corporation Ltd,19.49,9.96,6.670934086033203,6.474098107377366,Formula Difference
PIDILITIND,Mar 2016,15.05316172355904,21.88024622271964,30.591357088703564,43.15673289183223,21.72859450726979,0.030326004548900682,0,96.46153846153847,,0,-626.0,1.4434571890145396,16.0,26.0,PIDILITIND,Pidilite Industries Ltd,22.8,29.7,7.791357088703563,13.456732891832228,Formula Difference
PIDILITIND,Mar 2017,15.364073348762686,22.467509346626315,24.863151829443964,35.360044830484725,18.09224318658281,0.028233938346297897,0,98.35714285714286,,0,-1345.0,1.1775681341719078,17.0,28.0,PIDILITIND,Pidilite Industries Ltd,22.8,29.7,2.0631518294439637,5.6600448304847255,Source Difference
PIDILITIND,Mar 2018,15.893385982230997,22.063178677196447,27.028539451594852,36.25304136253041,18.580496249278706,0.03497481813094572,0,93.375,,0,-1121.0,1.169070975187536,19.0,32.0,PIDILITIND,Pidilite Industries Ltd,22.8,29.7,4.228539451594852,6.553041362530411,Source Difference
PNB,Mar 2013,11.655174014998492,,812.2977346278317,,65.57805355976485,10.833333333333334,1,,,0,5918.0,5.626518615284128,28.0,19.0,PNB,Punjab National Bank,8.7,1.63,803.5977346278316,,Formula Difference
PNB,Mar 2013,11.655174014998492,,812.2977346278317,,65.57805355976485,10.833333333333334,1,,,0,5918.0,5.626518615284128,28.0,19.0,PNB,Punjab National Bank,8.7,1.63,803.5977346278316,,Formula Difference
PNB,Mar 2013,11.655174014998492,,812.2977346278317,,65.57805355976485,10.833333333333334,1,,,0,5918.0,5.626518615284128,28.0,19.0,PNB,Punjab National Bank,8.7,1.63,803.5977346278316,,Formula Difference
PNB,Mar 2013,11.655174014998492,,812.2977346278317,,65.57805355976485,10.833333333333334,1,,,0,5918.0,5.626518615284128,28.0,19.0,PNB,Punjab National Bank,8.7,1.63,803.5977346278316,,Formula Difference
PNB,Mar 2013,11.655174014998492,,812.2977346278317,,65.57805355976485,10.833333333333334,1,,,0,5918.0,5.626518615284128,28.0,19.0,PNB,Punjab National Bank,8.7,1.63,803.5977346278316,,Formula Difference
PNB,Mar 2014,8.172071711375061,,393.3618843683083,,31.83708838821491,10.822269807280515,1,,,0,9463.0,3.895840554592721,20.0,10.0,PNB,Punjab National Bank,8.7,1.63,384.66188436830834,,Formula Difference
PNB,Mar 2014,8.172071711375061,,393.3618843683083,,31.83708838821491,10.822269807280515,1,,,0,9463.0,3.895840554592721,20.0,10.0,PNB,Punjab National Bank,8.7,1.63,384.66188436830834,,Formula Difference
PNB,Mar 2014,8.172071711375061,,393.3618843683083,,31.83708838821491,10.822269807280515,1,,,0,9463.0,3.895840554592721,20.0,10.0,PNB,Punjab National Bank,8.7,1.63,384.66188436830834,,Formula Difference
PNB,Mar 2014,8.172071711375061,,393.3618843683083,,31.83708838821491,10.822269807280515,1,,,0,9463.0,3.895840554592721,20.0,10.0,PNB,Punjab National Bank,8.7,1.63,384.66188436830834,,Formula Difference
PNB,Mar 2014,8.172071711375061,,393.3618843683083,,31.83708838821491,10.822269807280515,1,,,0,9463.0,3.895840554592721,20.0,10.0,PNB,Punjab National Bank,8.7,1.63,384.66188436830834,,Formula Difference
PNB,Mar 2015,7.236707041675221,,223.2425585813806,,18.51851851851852,10.437618746041798,1,,,0,14895.0,2.5589703178355663,18.0,18.0,PNB,Punjab National Bank,8.7,1.63,214.5425585813806,,Formula Difference
PNB,Mar 2015,7.236707041675221,,223.2425585813806,,18.51851851851852,10.437618746041798,1,,,0,14895.0,2.5589703178355663,18.0,18.0,PNB,Punjab National Bank,8.7,1.63,214.5425585813806,,Formula Difference
PNB,Mar 2015,7.236707041675221,,223.2425585813806,,18.51851851851852,10.437618746041798,1,,,0,14895.0,2.5589703178355663,18.0,18.0,PNB,Punjab National Bank,8.7,1.63,214.5425585813806,,Formula Difference
PNB,Mar 2015,7.236707041675221,,223.2425585813806,,18.51851851851852,10.437618746041798,1,,,0,14895.0,2.5589703178355663,18.0,18.0,PNB,Punjab National Bank,8.7,1.63,214.5425585813806,,Formula Difference
PNB,Mar 2015,7.236707041675221,,223.2425585813806,,18.51851851851852,10.437618746041798,1,,,0,14895.0,2.5589703178355663,18.0,18.0,PNB,Punjab National Bank,8.7,1.63,214.5425585813806,,Formula Difference
PNB,Mar 2016,-6.908904810644831,,-163.56011183597388,,-11.829732735667823,12.122087604846225,1,,,0,24392.0,1.7122442789255503,-19.0,-2.0,PNB,Punjab National Bank,8.7,1.63,172.26011183597387,,Formula Difference
PNB,Mar 2016,-6.908904810644831,,-163.56011183597388,,-11.829732735667823,12.122087604846225,1,,,0,24392.0,1.7122442789255503,-19.0,-2.0,PNB,Punjab National Bank,8.7,1.63,172.26011183597387,,Formula Difference
PNB,Mar 2016,-6.908904810644831,,-163.56011183597388,,-11.829732735667823,12.122087604846225,1,,,0,24392.0,1.7122442789255503,-19.0,-2.0,PNB,Punjab National Bank,8.7,1.63,172.26011183597387,,Formula Difference
PNB,Mar 2016,-6.908904810644831,,-163.56011183597388,,-11.829732735667823,12.122087604846225,1,,,0,24392.0,1.7122442789255503,-19.0,-2.0,PNB,Punjab National Bank,8.7,1.63,172.26011183597387,,Formula Difference
PNB,Mar 2016,-6.908904810644831,,-163.56011183597388,,-11.829732735667823,12.122087604846225,1,,,0,24392.0,1.7122442789255503,-19.0,-2.0,PNB,Punjab National Bank,8.7,1.63,172.26011183597387,,Formula Difference
PNB,Mar 2017,2.578134753839111,,22.212262459662963,,2.884078212290503,6.3637504481893155,1,,,0,32217.0,1.1186685288640597,6.0,0.0,PNB,Punjab National Bank,8.7,1.63,13.512262459662963,,Formula Difference
PNB,Mar 2017,2.578134753839111,,22.212262459662963,,2.884078212290503,6.3637504481893155,1,,,0,32217.0,1.1186685288640597,6.0,0.0,PNB,Punjab National Bank,8.7,1.63,13.512262459662963,,Formula Difference
PNB,Mar 2017,2.578134753839111,,22.212262459662963,,2.884078212290503,6.3637504481893155,1,,,0,32217.0,1.1186685288640597,6.0,0.0,PNB,Punjab National Bank,8.7,1.63,13.512262459662963,,Formula Difference
PNB,Mar 2017,2.578134753839111,,22.212262459662963,,2.884078212290503,6.3637504481893155,1,,,0,32217.0,1.1186685288640597,6.0,0.0,PNB,Punjab National Bank,8.7,1.63,13.512262459662963,,Formula Difference
PNB,Mar 2017,2.578134753839111,,22.212262459662963,,2.884078212290503,6.3637504481893155,1,,,0,32217.0,1.1186685288640597,6.0,0.0,PNB,Punjab National Bank,8.7,1.63,13.512262459662963,,Formula Difference
PNB,Mar 2018,-24.855823499230375,,-184.36596133353632,,-19.218318575645053,8.186481960724615,1,,,0,51364.0,0.7731917864737059,-44.0,0.0,PNB,Punjab National Bank,8.7,1.63,193.0659613335363,,Formula Difference
PNB,Mar 2018,-24.855823499230375,,-184.36596133353632,,-19.218318575645053,8.186481960724615,1,,,0,51364.0,0.7731917864737059,-44.0,0.0,PNB,Punjab National Bank,8.7,1.63,193.0659613335363,,Formula Difference
PNB,Mar 2018,-24.855823499230375,,-184.36596133353632,,-19.218318575645053,8.186481960724615,1,,,0,51364.0,0.7731917864737059,-44.0,0.0,PNB,Punjab National Bank,8.7,1.63,193.0659613335363,,Formula Difference
PNB,Mar 2018,-24.855823499230375,,-184.36596133353632,,-19.218318575645053,8.186481960724615,1,,,0,51364.0,0.7731917864737059,-44.0,0.0,PNB,Punjab National Bank,8.7,1.63,193.0659613335363,,Formula Difference
PNB,Mar 2018,-24.855823499230375,,-184.36596133353632,,-19.218318575645053,8.186481960724615,1,,,0,51364.0,0.7731917864737059,-44.0,0.0,PNB,Punjab National Bank,8.7,1.63,193.0659613335363,,Formula Difference
PNB,Mar 2019,-18.31361343893225,,-128.4465366509751,,-11.402985074626866,9.664963012777404,1,,,0,67402.0,0.6226507462686567,-21.0,0.0,PNB,Punjab National Bank,8.7,1.63,137.1465366509751,,Formula Difference
PNB,Mar 2019,-18.31361343893225,,-128.4465366509751,,-11.402985074626866,9.664963012777404,1,,,0,67402.0,0.6226507462686567,-21.0,0.0,PNB,Punjab National Bank,8.7,1.63,137.1465366509751,,Formula Difference
PNB,Mar 2019,-18.31361343893225,,-128.4465366509751,,-11.402985074626866,9.664963012777404,1,,,0,67402.0,0.6226507462686567,-21.0,0.0,PNB,Punjab National Bank,8.7,1.63,137.1465366509751,,Formula Difference
PNB,Mar 2019,-18.31361343893225,,-128.4465366509751,,-11.402985074626866,9.664963012777404,1,,,0,67402.0,0.6226507462686567,-21.0,0.0,PNB,Punjab National Bank,8.7,1.63,137.1465366509751,,Formula Difference
PNB,Mar 2019,-18.31361343893225,,-128.4465366509751,,-11.402985074626866,9.664963012777404,1,,,0,67402.0,0.6226507462686567,-21.0,0.0,PNB,Punjab National Bank,8.7,1.63,137.1465366509751,,Formula Difference
PNB,Mar 2021,3.289192652712516,,30.393594225780983,,3.7780550376403625,6.69831961204466,1,,,0,57361.0,1.1486268627423493,2.0,0.0,PNB,Punjab National Bank,8.7,1.63,21.693594225780984,,Formula Difference
PNB,Mar 2021,3.289192652712516,,30.393594225780983,,3.7780550376403625,6.69831961204466,1,,,0,57361.0,1.1486268627423493,2.0,0.0,PNB,Punjab National Bank,8.7,1.63,21.693594225780984,,Formula Difference
PNB,Mar 2021,3.289192652712516,,30.393594225780983,,3.7780550376403625,6.69831961204466,1,,,0,57361.0,1.1486268627423493,2.0,0.0,PNB,Punjab National Bank,8.7,1.63,21.693594225780984,,Formula Difference
PNB,Mar 2021,3.289192652712516,,30.393594225780983,,3.7780550376403625,6.69831961204466,1,,,0,57361.0,1.1486268627423493,2.0,0.0,PNB,Punjab National Bank,8.7,1.63,21.693594225780984,,Formula Difference
PNB,Mar 2021,3.289192652712516,,30.393594225780983,,3.7780550376403625,6.69831961204466,1,,,0,57361.0,1.1486268627423493,2.0,0.0,PNB,Punjab National Bank,8.7,1.63,21.693594225780984,,Formula Difference
PNB,Mar 2022,5.125783688780462,,39.87348229772472,,5.95287056923944,5.403632282420161,1,,,0,49489.0,1.161358131883197,4.0,18.0,PNB,Punjab National Bank,8.7,1.63,31.17348229772472,,Formula Difference
PNB,Mar 2022,5.125783688780462,,39.87348229772472,,5.95287056923944,5.403632282420161,1,,,0,49489.0,1.161358131883197,4.0,18.0,PNB,Punjab National Bank,8.7,1.63,31.17348229772472,,Formula Difference
PNB,Mar 2022,5.125783688780462,,39.87348229772472,,5.95287056923944,5.403632282420161,1,,,0,49489.0,1.161358131883197,4.0,18.0,PNB,Punjab National Bank,8.7,1.63,31.17348229772472,,Formula Difference
PNB,Mar 2022,5.125783688780462,,39.87348229772472,,5.95287056923944,5.403632282420161,1,,,0,49489.0,1.161358131883197,4.0,18.0,PNB,Punjab National Bank,8.7,1.63,31.17348229772472,,Formula Difference
PNB,Mar 2022,5.125783688780462,,39.87348229772472,,5.95287056923944,5.403632282420161,1,,,0,49489.0,1.161358131883197,4.0,18.0,PNB,Punjab National Bank,8.7,1.63,31.17348229772472,,Formula Difference
PNB,Mar 2023,3.8678104669238302,,30.667397060166163,,5.02806676146995,4.895553729571807,0,,,0,50433.0,1.299977546590824,3.0,21.0,PNB,Punjab National Bank,8.7,1.63,21.967397060166164,,Formula Difference
PNB,Mar 2023,3.8678104669238302,,30.667397060166163,,5.02806676146995,4.895553729571807,0,,,0,50433.0,1.299977546590824,3.0,21.0,PNB,Punjab National Bank,8.7,1.63,21.967397060166164,,Formula Difference
PNB,Mar 2023,3.8678104669238302,,30.667397060166163,,5.02806676146995,4.895553729571807,0,,,0,50433.0,1.299977546590824,3.0,21.0,PNB,Punjab National Bank,8.7,1.63,21.967397060166164,,Formula Difference
PNB,Mar 2023,3.8678104669238302,,30.667397060166163,,5.02806676146995,4.895553729571807,0,,,0,50433.0,1.299977546590824,3.0,21.0,PNB,Punjab National Bank,8.7,1.63,21.967397060166164,,Formula Difference
PNB,Mar 2023,3.8678104669238302,,30.667397060166163,,5.02806676146995,4.895553729571807,0,,,0,50433.0,1.299977546590824,3.0,21.0,PNB,Punjab National Bank,8.7,1.63,21.967397060166164,,Formula Difference
PNB,Mar 2024,8.395910695456838,,61.320565191187306,,12.652858189053626,3.684256345007701,0,,,0,50672.0,1.5070262950629396,8.0,18.0,PNB,Punjab National Bank,8.7,1.63,52.62056519118731,,Formula Difference
PNB,Mar 2024,8.395910695456838,,61.320565191187306,,12.652858189053626,3.684256345007701,0,,,0,50672.0,1.5070262950629396,8.0,18.0,PNB,Punjab National Bank,8.7,1.63,52.62056519118731,,Formula Difference
PNB,Mar 2024,8.395910695456838,,61.320565191187306,,12.652858189053626,3.684256345007701,0,,,0,50672.0,1.5070262950629396,8.0,18.0,PNB,Punjab National Bank,8.7,1.63,52.62056519118731,,Formula Difference
PNB,Mar 2024,8.395910695456838,,61.320565191187306,,12.652858189053626,3.684256345007701,0,,,0,50672.0,1.5070262950629396,8.0,18.0,PNB,Punjab National Bank,8.7,1.63,52.62056519118731,,Formula Difference
PNB,Mar 2024,8.395910695456838,,61.320565191187306,,12.652858189053626,3.684256345007701,0,,,0,50672.0,1.5070262950629396,8.0,18.0,PNB,Punjab National Bank,8.7,1.63,52.62056519118731,,Formula Difference
POWERGRID,Mar 2014,29.238187078109934,83.36226293796207,13.107383710876707,10.904152441177954,3.214588634435963,2.427229235114416,0,4.207744314689613,,0,83797.0,0.1099448685326548,5.0,30.0,POWERGRID,Power Grid Corporation of India Ltd,19.0,13.2,5.892616289123293,2.295847558822045,Formula Difference
POWERGRID,Mar 2014,29.238187078109934,83.36226293796207,13.107383710876707,10.904152441177954,3.214588634435963,2.427229235114416,0,4.207744314689613,,0,83797.0,0.1099448685326548,5.0,30.0,POWERGRID,Power Grid Corporation of India Ltd,19.0,13.2,5.892616289123293,2.295847558822045,Formula Difference
POWERGRID,Mar 2015,28.76852907639681,85.10262257696694,13.127292593459766,11.083143998455622,3.1383719773111753,2.503785218137829,0,3.836804704729233,,0,96023.0,0.10909045676186685,5.0,21.0,POWERGRID,Power Grid Corporation of India Ltd,19.0,13.2,5.8727074065402345,2.1168560015443774,Formula Difference
POWERGRID,Mar 2015,28.76852907639681,85.10262257696694,13.127292593459766,11.083143998455622,3.1383719773111753,2.503785218137829,0,3.836804704729233,,0,96023.0,0.10909045676186685,5.0,21.0,POWERGRID,Power Grid Corporation of India Ltd,19.0,13.2,5.8727074065402345,2.1168560015443774,Formula Difference
POWERGRID,Mar 2016,28.854348247143136,88.04958357544064,13.552422105981352,11.922761695570927,3.323257785312751,2.468614964748692,0,3.7042862760519073,,0,107626.0,0.11517355224413313,6.0,20.0,POWERGRID,Power Grid Corporation of India Ltd,19.0,13.2,5.447577894018648,1.2772383044290727,Formula Difference
POWERGRID,Mar 2016,28.854348247143136,88.04958357544064,13.552422105981352,11.922761695570927,3.323257785312751,2.468614964748692,0,3.7042862760519073,,0,107626.0,0.11517355224413313,6.0,20.0,POWERGRID,Power Grid Corporation of India Ltd,19.0,13.2,5.447577894018648,1.2772383044290727,Formula Difference
POWERGRID,Mar 2023,33.81356489704624,86.78376422603776,18.57249536289837,18.702329757572894,6.113589057389236,1.5487196781731023,0,4.22140336308906,,0,125095.0,0.1808028545941124,17.0,67.0,POWERGRID,Power Grid Corporation of India Ltd,19.0,13.2,0.4275046371016309,5.502329757572895,Source Difference
POWERGRID,Mar 2023,33.81356489704624,86.78376422603776,18.57249536289837,18.702329757572894,6.113589057389236,1.5487196781731023,0,4.22140336308906,,0,125095.0,0.1808028545941124,17.0,67.0,POWERGRID,Power Grid Corporation of India Ltd,19.0,13.2,0.4275046371016309,5.502329757572895,Source Difference
POWERGRID,Mar 2024,33.97028990249329,86.87476823070044,17.870011245496066,18.905165620757423,6.208612241806171,1.4173456039290386,0,4.60298643565485,,0,119353.0,0.18276594811604718,17.0,67.0,POWERGRID,Power Grid Corporation of India Ltd,19.0,13.2,1.129988754503934,5.705165620757423,Source Difference
POWERGRID,Mar 2024,33.97028990249329,86.87476823070044,17.870011245496066,18.905165620757423,6.208612241806171,1.4173456039290386,0,4.60298643565485,,0,119353.0,0.18276594811604718,17.0,67.0,POWERGRID,Power Grid Corporation of India Ltd,19.0,13.2,1.129988754503934,5.705165620757423,Source Difference
RECLTD,Mar 2018,19.644275752493602,85.08694500838556,13.658401865717442,8.13614399358528,1.8364484053306929,6.271234810359641,1,1.4473111827795695,,1,201419.0,0.09348516730618475,17.0,41.0,RECLTD,REC Ltd,22.2,10.0,8.541598134282557,1.8638560064147196,Formula Difference
RECLTD,Mar 2019,22.59524559193955,93.29738664987406,16.618421814392402,8.502663247188796,1.9235795130907944,7.0702541538817805,1,1.5178719866999169,,0,241786.0,0.08513204714964451,22.0,38.0,RECLTD,REC Ltd,22.2,10.0,5.581578185607597,1.4973367528112043,Formula Difference
RECLTD,Mar 2020,16.605437178545188,86.70429497027587,14.046388111986891,8.070292148243938,1.432729158862346,8.087945306099387,1,1.3708072244747511,,1,283903.0,0.08628072500936518,19.0,44.0,RECLTD,REC Ltd,22.2,10.0,8.153611888013108,1.9297078517560617,Formula Difference
SBILIFE,Mar 2013,4.236718224613315,2.8715534633490245,23.026315789473685,15.60672514619883,1.1728785791413783,0.0,0,179.75,,0,-50047.0,0.276836578917973,6.0,8.0,SBILIFE,SBI Life Insurance Company Ltd,12.0,13.2,11.026315789473685,2.4067251461988306,Formula Difference
SBILIFE,Mar 2014,4.218333526480473,2.9609456483949472,21.69249106078665,15.226460071513706,1.2005277044854883,0.0,0,171.0,,0,-56275.0,0.2845976253298153,7.0,14.0,SBILIFE,SBI Life Insurance Company Ltd,12.0,13.2,9.69249106078665,2.026460071513707,Formula Difference
SBILIFE,Mar 2015,3.4830548314030514,3.3933074062994146,20.09368836291913,19.57593688362919,1.0995534329002576,0.0,0,244.25,,0,-69385.0,0.31568651259427155,8.0,15.0,SBILIFE,SBI Life Insurance Company Ltd,12.0,13.2,8.093688362919131,6.3759368836291905,Formula Difference
SBILIFE,Mar 2016,4.367625750362244,4.760919064375906,17.832241707162478,19.437988590745828,1.0116386388426086,0.0,0,209.8,,0,-77843.0,0.23162209783168922,8.0,14.0,SBILIFE,SBI Life Insurance Company Ltd,12.0,13.2,5.832241707162478,6.237988590745829,Formula Difference
SBILIFE,Mar 2017,3.1262275762734055,3.496137226659683,17.201008645533143,19.236311239193082,0.9340766823161188,0.0,0,241.4,,0,-95830.0,0.2987871674491393,10.0,16.0,SBILIFE,SBI Life Insurance Company Ltd,12.0,13.2,5.201008645533143,6.036311239193083,Formula Difference
SBILIFE,Mar 2018,3.3756017377010687,3.9098274040154988,17.61642156862745,20.40441176470588,0.9447913243509694,0.0,0,248.0,,0,-114436.0,0.2798882681564246,12.0,17.0,SBILIFE,SBI Life Insurance Company Ltd,12.0,13.2,5.616421568627452,7.204411764705881,Formula Difference
SBILIFE,Mar 2019,2.9750695004932295,3.304636355483813,17.51583949313622,19.456177402323124,0.9043575449452751,0.0,0,217.5,,0,-139325.0,0.30397862799351205,13.0,15.0,SBILIFE,SBI Life Insurance Company Ltd,12.0,13.2,5.51583949313622,6.256177402323125,Formula Difference
SBILIFE,Mar 2022,1.8148295434004555,0.8796982514490921,12.958182756840475,6.281190844949235,0.5509682187190171,0.0,0,,Debt Free,0,-264437.0,0.3035922688841979,15.0,13.0,SBILIFE,SBI Life Insurance Company Ltd,12.0,13.2,0.9581827568404755,6.918809155050765,Source Difference
SBILIFE,Mar 2023,2.1342824544868297,0.15129718736048417,13.220156706099248,0.937163926870487,0.547045604086472,0.0,0,198.4,,0,-303988.0,0.2563135928594814,17.0,15.0,SBILIFE,SBI Life Insurance Company Ltd,12.0,13.2,1.2201567060992478,12.262836073129513,Source Difference
SBILIFE,Mar 2024,1.4349789374791648,0.18638058005273206,12.704588140595655,1.650120740541991,0.4755221579767963,0.0,0,240.33333333333334,,0,-384943.0,0.33137919000549837,19.0,14.0,SBILIFE,SBI Life Insurance Company Ltd,12.0,13.2,0.7045881405956553,11.549879259458008,Source Difference
SHREECEM,Jun 2013,18.530823181985973,28.811369509043928,26.11862643080125,30.416991426344502,16.2987012987013,0.3350676378772112,0,9.05699481865285,,0,-915.0,0.8795454545454545,288.0,7.0,SHREECEM,Shree Cement Ltd,12.2,14.8,13.91862643080125,15.616991426344502,Formula Difference
SHREECEM,Jun 2014,13.770778652668417,24.32195975503062,16.705582678836763,23.515479614278465,10.738163460226497,0.25472298874973465,0,11.581395348837209,,0,-1044.0,0.7797789602947196,226.0,10.0,SHREECEM,Shree Cement Ltd,12.2,14.8,4.505582678836763,8.715479614278465,Source Difference
SHREECEM,Jun 2015,6.806199073334398,21.47307876657613,8.074298711144806,21.701921524301632,5.326331582895724,0.17380591357088704,0,11.950413223140496,,0,-745.0,0.7825706426606651,122.0,20.0,SHREECEM,Shree Cement Ltd,12.2,14.8,4.125701288855193,6.901921524301631,Source Difference
SHREECEM,Mar 2017,15.580637654177332,29.24133116127531,17.394128345024683,27.95017239461684,11.99176070213147,0.16796570537802027,0,22.286821705426355,,0,-2749.0,0.769657890023285,384.0,36.0,SHREECEM,Shree Cement Ltd,12.2,14.8,5.194128345024684,13.150172394616838,Formula Difference
SHREECEM,Mar 2018,14.075053391640393,25.15000508491813,15.55580532763853,20.10569105691057,9.140140007924977,0.3824884792626728,0,21.2,,0,-2031.0,0.649385814291375,397.0,13.0,SHREECEM,Shree Cement Ltd,12.2,14.8,3.3558053276385316,5.305691056910568,Source Difference
SHREECEM,Mar 2019,8.084428514536041,22.277976901632815,10.495295212490953,22.422639089305758,6.551345769056994,0.2898355909419915,0,11.556451612903226,,0,517.0,0.810365971729168,289.0,21.0,SHREECEM,Shree Cement Ltd,12.2,14.8,1.704704787509046,7.622639089305757,Source Difference
SHREECEM,Mar 2020,11.998756605533105,29.305253341622628,11.72450451818665,23.113699049954032,7.741676694745286,0.2388943731490622,0,13.862542955326461,,0,-3212.0,0.6452065784195748,426.0,26.0,SHREECEM,Shree Cement Ltd,12.2,14.8,0.4754954818133488,8.313699049954032,Source Difference
SHREECEM,Mar 2021,17.234513274336283,30.169616519174042,15.17828148340586,23.20871390480513,10.863198995955933,0.14483340910566994,0,17.99601593625498,,0,-6270.0,0.6303165527820388,646.0,9.0,SHREECEM,Shree Cement Ltd,12.2,14.8,2.97828148340586,8.40871390480513,Source Difference
SHREECEM,Mar 2024,8.445007553238145,22.01647093221578,8.370767521615225,20.206628203408023,6.205908683974934,0.07998840747717723,0,19.825581395348838,,0,-5900.0,0.7348612354521038,480.0,16.0,SHREECEM,Shree Cement Ltd,12.2,14.8,3.8292324783847747,5.406628203408022,Source Difference
SHRIRAMFIN,Mar 2013,20.873163076045085,31.088600370951635,19.937312619242302,5.350653177487477,3.0947243728053473,4.549741073862088,0,0.7069857697283312,,1,30106.0,0.1482633159876465,12.0,11.0,SHRIRAMFIN,"Shriram Finance Ltd
",15.9,11.3,4.037312619242302,5.949346822512524,Source Difference
SHRIRAMFIN,Mar 2014,16.021708352996697,23.58423784804153,15.957696827262044,4.240560033941451,2.5949705724986623,4.539365452408931,0,0.47318686510748875,,1,36195.0,0.16196590995948942,11.0,12.0,SHRIRAMFIN,"Shriram Finance Ltd
",15.9,11.3,0.057696827262043726,7.05943996605855,Source Difference
SHRIRAMFIN,Mar 2015,11.201917838073443,18.426501035196686,11.094323332613858,3.0217472882900593,1.6539563020883612,5.039391323116771,1,0.3597535061623459,,1,43658.0,0.14764938700646782,8.0,22.0,SHRIRAMFIN,"Shriram Finance Ltd
",15.9,11.3,4.805676667386143,8.278252711709941,Source Difference
SHRIRAMFIN,Mar 2016,11.429674679023073,17.607877208224732,11.635220125786164,3.0417236433979253,1.7408436622410421,4.892885220125786,0,0.3590801886792453,,1,48450.0,0.15230911737461955,9.0,19.0,SHRIRAMFIN,"Shriram Finance Ltd
",15.9,11.3,4.264779874213836,8.258276356602074,Source Difference
SHRIRAMFIN,Mar 2017,11.611483078051913,18.08676511052004,11.17190257677374,3.0615413277029124,1.7005614808048786,4.684080480056477,0,0.37804177045410997,,1,51562.0,0.1464551486983854,10.0,7.0,SHRIRAMFIN,"Shriram Finance Ltd
",15.9,11.3,4.728097423226261,8.238458672297089,Source Difference
SHRIRAMFIN,Mar 2018,18.878684639312695,28.181010220708043,18.619430241051862,3.9709458260715293,2.6181183237469186,5.999342585829072,1,0.6135122484006865,,1,79675.0,0.1386811832374692,20.0,10.0,SHRIRAMFIN,"Shriram Finance Ltd
",15.9,11.3,2.719430241051862,7.329054173928471,Source Difference
SHRIRAMFIN,Mar 2019,16.580844490216272,24.465756951596294,16.13731754682704,3.6591353235076096,2.443582276439731,5.507360771784752,1,0.5051560021152829,,1,83788.0,0.14737381306975023,20.0,11.0,SHRIRAMFIN,"Shriram Finance Ltd
",15.9,11.3,0.23731754682703787,7.6408646764923915,Source Difference
SHRIRAMFIN,Mar 2020,15.168166173540246,21.526477869693856,13.84632344835189,3.1583050577176928,2.1983792204155215,5.221860875316944,1,0.4305304944063515,,1,91799.0,0.14493375107205994,20.0,5.0,SHRIRAMFIN,"Shriram Finance Ltd
",15.9,11.3,2.0536765516481097,8.141694942282308,Source Difference
SHRIRAMFIN,Mar 2021,14.343932958328551,19.527034783606933,11.50711424229866,2.652362723466627,1.9236394426910937,4.906110420407975,0,0.37583892617449666,,1,103199.0,0.13410822877376646,18.0,18.0,SHRIRAMFIN,"Shriram Finance Ltd
",15.9,11.3,4.39288575770134,8.647637276533374,Source Difference
SHRIRAMFIN,Mar 2022,14.131394443001819,19.03921059465074,10.427284920482851,2.601088398691651,1.9125875108949308,4.401073002490898,0,0.3769569221324056,,1,107875.0,0.13534315517192905,20.0,20.0,SHRIRAMFIN,"Shriram Finance Ltd
",15.9,11.3,5.472715079517149,8.69891160130835,Formula Difference
SHRIRAMFIN,Mar 2023,19.742883379247015,28.856749311294767,13.835263835263836,4.236113117074439,2.8588660464541986,3.7737175951461666,0,0.6787556787556788,,1,156772.0,0.14480488951574988,32.0,22.0,SHRIRAMFIN,"Shriram Finance Ltd
",15.9,11.3,2.064736164736164,7.063886882925562,Source Difference
SHRIRAMFIN,Mar 2024,20.333626470264925,28.918874354182698,15.116350338120824,4.304889074344531,2.9802711607711085,3.994034363699512,0,0.6766743648960739,,1,186024.0,0.14656859980827017,39.0,23.0,SHRIRAMFIN,"Shriram Finance Ltd
",15.9,11.3,0.783649661879176,6.99511092565547,Source Difference
SIEMENS,Sep 2011,7.26056043496445,9.795064826432455,22.746331236897273,30.686582809224316,8.544989171096674,0.0,0,56.53846153846154,,0,0.0,1.1769049025398701,,24.0,SIEMENS,Siemens Ltd,19.1,25.6,3.6463312368972716,5.086582809224314,Source Difference
SIEMENS,Sep 2014,5.6471249297621275,1.1144409065368046,13.782857142857145,2.7199999999999998,5.860058309037901,0.0,0,35.61290322580645,,0,-8.0,1.037706511175899,17.0,35.0,SIEMENS,Siemens Ltd,19.1,25.6,5.317142857142857,22.880000000000003,Formula Difference
SIEMENS,Sep 2015,11.114266780270757,9.448073463978037,22.94313074066836,19.40879035394788,11.100605143721634,0.004885675200312683,0,64.7,,0,-89.0,0.9987708018154312,33.0,30.0,SIEMENS,Siemens Ltd,19.1,25.6,3.8431307406683572,6.191209646052123,Source Difference
SIEMENS,Sep 2016,26.889360524130296,9.421426594075852,42.83404380420402,14.953134153485648,24.311696979809778,0.003674849331177422,0,379.72727272727275,,0,-85.0,0.9041381611880527,82.0,41.0,SIEMENS,Siemens Ltd,19.1,25.6,23.73404380420402,10.646865846514354,Formula Difference
SIEMENS,Sep 2017,10.275643922277451,9.543605964753727,14.785435630689205,13.732119635890767,8.654285279342364,0.0,0,234.25,,0,0.0,0.8422134267011722,32.0,22.0,SIEMENS,Siemens Ltd,19.1,25.6,4.314564369310796,11.867880364109235,Source Difference
SIEMENS,Sep 2018,7.041813208284486,10.371238765142634,10.85672972647307,15.98987829859019,6.284877232142858,0.0,0,200.875,,0,0.0,0.8925083705357143,25.0,28.0,SIEMENS,Siemens Ltd,19.1,25.6,8.243270273526932,9.610121701409811,Formula Difference
SIEMENS,Sep 2019,8.399571996331396,11.38795475389789,12.144988396507902,16.465907835119904,7.15587967183227,0.0,0,157.33333333333334,,0,0.0,0.8519338455528064,31.0,23.0,SIEMENS,Siemens Ltd,19.1,25.6,6.9550116034921,9.134092164880098,Formula Difference
SIEMENS,Sep 2020,7.7317514578725115,10.08445606273879,8.1015592077539,10.566793088916983,4.848675914249685,0.0,0,43.93333333333333,,0,0.0,0.6271122320302648,22.0,32.0,SIEMENS,Siemens Ltd,19.1,25.6,10.998440792246102,15.033206911083019,Formula Difference
SIEMENS,Sep 2021,8.25125018942264,11.001666919230187,10.52478979414323,14.027630180658873,6.04496253122398,0.0003865854837150865,0,73.875,,0,1.0,0.7326117124618373,31.0,26.0,SIEMENS,Siemens Ltd,19.1,25.6,8.575210205856772,11.572369819341128,Formula Difference
SIEMENS,Sep 2022,9.561283926137069,11.525591770975337,13.290267011197244,15.773405698778834,7.673181162663484,0.015676141257536608,0,65.19444444444444,,0,181.0,0.8025262320354071,43.0,23.0,SIEMENS,Siemens Ltd,19.1,25.6,5.809732988802757,9.826594301221167,Formula Difference
SIEMENS,Sep 2023,10.03375268487266,12.718625345197914,14.991976770841292,18.752827627808777,9.064030305830178,0.01337204859784519,0,129.69565217391303,,0,174.0,0.9033539684006283,55.0,18.0,SIEMENS,Siemens Ltd,19.1,25.6,4.108023229158709,6.847172372191224,Source Difference
SIEMENS,Sep 2024,12.221223021582734,13.956834532374101,17.698769290877124,19.85162445638271,10.743507648523657,0.018167610861496385,0,67.15,,0,278.0,0.8790861298865568,76.0,16.0,SIEMENS,Siemens Ltd,19.1,25.6,1.4012307091228777,5.748375543617293,Source Difference
SUNPHARMA,Mar 2013,31.165214266463032,42.979067469230074,23.142094729819878,31.37049180327869,17.024095794277862,0.01734489659773182,0,109.16279069767442,,0,-2152.0,0.5462531285272612,14.0,9.0,SUNPHARMA,Sun Pharmaceuticals Industries Ltd,16.7,17.3,6.442094729819878,14.070491803278689,Formula Difference
SUNPHARMA,Mar 2014,24.12313432835821,43.55099502487562,20.939271255060728,33.21160959878593,13.332187661110156,0.13824561403508773,0,114.43181818181819,,0,-225.0,0.5526722804605603,15.0,10.0,SUNPHARMA,Sun Pharmaceuticals Industries Ltd,16.7,17.3,4.2392712550607285,15.911609598785926,Source Difference
SUNPHARMA,Mar 2015,19.99123831775701,28.818633177570092,21.358920352601608,22.792631518161343,11.239045214785625,0.35088540447772837,0,14.122625215889464,,0,6280.0,0.5621985509923445,22.0,14.0,SUNPHARMA,Sun Pharmaceuticals Industries Ltd,16.7,17.3,4.6589203526016085,5.4926315181613425,Source Difference
SUNPHARMA,Mar 2018,9.596436256559326,21.257880629695343,6.634650519392389,11.562865767264215,3.9535281583899717,0.2710497468288354,0,10.61003861003861,,0,3242.0,0.4119787859464672,9.0,23.0,SUNPHARMA,Sun Pharmaceuticals Industries Ltd,16.7,17.3,10.06534948060761,5.7371342327357855,Formula Difference
SUNPHARMA,Mar 2019,11.036950388770386,21.939723388151105,7.747108116593012,12.281647824663445,4.96671311348506,0.25390615566664254,0,11.025225225225226,,0,2611.0,0.4500077411363988,11.0,25.0,SUNPHARMA,Sun Pharmaceuticals Industries Ltd,16.7,17.3,8.952891883406988,5.018352175336556,Formula Difference
SUNPHARMA,Mar 2020,12.704793227358548,21.264997868323285,9.216834198608197,13.03284807764091,6.117840279203449,0.18369601237158953,0,24.306930693069308,,0,-1828.0,0.48153796521688125,16.0,25.0,SUNPHARMA,Sun Pharmaceuticals Industries Ltd,16.7,17.3,7.483165801391802,4.267151922359091,Formula Difference
SUNPHARMA,Mar 2021,6.782494477282226,25.285091647262526,4.889912403417773,16.82826035126758,3.359853302179764,0.08327055936982115,0,35.60992907801418,,0,-5743.0,0.4953713288574724,12.0,62.0,SUNPHARMA,Sun Pharmaceuticals Industries Ltd,16.7,17.3,11.810087596582227,0.47173964873242014,Formula Difference
SUNPHARMA,Mar 2022,8.767527293423708,26.538003828840484,7.0587990252233865,20.806880184986106,4.856970878238935,0.02686884255691404,0,53.173228346456696,,0,-11559.0,0.5539727126805778,14.0,73.0,SUNPHARMA,Sun Pharmaceuticals Industries Ltd,16.7,17.3,9.641200974776613,3.5068801849861053,Formula Difference
TATACONSUM,Mar 2016,-0.5574807895133344,5.514539701672443,-0.5922842964623019,4.815155900539403,-0.3739262253663466,0.21674403713782617,0,3.452991452991453,,0,-12.0,0.6707427993936331,0.0,-999.0,TATACONSUM,Tata Consumer Products Ltd,8.32,10.6,8.912284296462301,5.784844099460597,Formula Difference
TATAMOTORS,Mar 2013,5.284094219595007,13.02802540348424,26.505832026994714,26.924129475769814,5.9264539891879044,1.427212583362117,0,6.968820224719101,,0,44951.0,1.1215647834610587,35.0,6.0,TATAMOTORS,Tata Motors Ltd,49.4,20.1,22.894167973005285,6.824129475769812,Formula Difference
TATAMOTORS,Mar 2014,6.034342063444342,14.96903373218688,21.416377050179864,27.607211317586298,6.432384423099815,0.9243643680263398,0,7.305959149294588,,0,49955.0,1.0659628432512613,48.0,5.0,TATAMOTORS,Tata Motors Ltd,49.4,20.1,27.983622949820134,7.507211317586297,Formula Difference
TATAMOTORS,Mar 2015,5.347717539586334,14.910757374819026,25.013330489495573,30.21359492423309,5.9300929144807535,1.3083431090256301,0,8.219090722073647,,0,58273.0,1.10890167077513,48.0,0.0,TATAMOTORS,Tata Motors Ltd,49.4,20.1,24.386669510504426,10.113594924233087,Formula Difference
TATAMOTORS,Mar 2016,4.276935021937695,14.061733187814507,14.791265579086026,25.88799287987486,4.437199829776886,0.8785084608369642,0,7.307220290447944,,0,45593.0,1.0374718827892273,40.0,1.0,TATAMOTORS,Tata Motors Ltd,49.4,20.1,34.608734420913976,5.78799287987486,Formula Difference
TATAMOTORS,Mar 2017,2.8020749518897414,10.971363735803303,13.015397333884469,21.650593417528867,2.7723970944309926,1.3537942199717543,0,7.422840962718263,,0,58266.0,0.9894086139848852,26.0,0.0,TATAMOTORS,Tata Motors Ltd,49.4,20.1,36.384602666115526,1.5505934175288658,Formula Difference
TATAMOTORS,Mar 2018,3.1181615503344196,10.789915966386554,9.526554051221863,17.06168848778054,2.778490916648329,0.9321163599782034,0,7.986117043998291,,0,68137.0,0.8910670187535148,31.0,0.0,TATAMOTORS,Tata Motors Ltd,49.4,20.1,39.873445948778134,3.0383115122194617,Formula Difference
TATAMOTORS,Mar 2019,-9.513211321529585,8.16856440726242,-47.73093604081158,14.826213977421643,-9.396047798026189,1.7643197793250136,0,-0.35110262198298314,,1,90404.0,0.9876841247877842,-100.0,0.0,TATAMOTORS,Tata Motors Ltd,49.4,20.1,97.13093604081158,5.273786022578358,Formula Difference
TATAMOTORS,Mar 2020,-4.586927543781696,6.889775843841452,-18.984131010320393,9.574326518228322,-3.740095384144494,1.9782812029360008,0,2.4974458097473424,,0,108480.0,0.8153813960315949,-39.0,0.0,TATAMOTORS,Tata Motors Ltd,49.4,20.1,68.38413101032039,10.52567348177168,Formula Difference
TATAMOTORS,Mar 2021,-5.362397165675854,12.92539882703817,-24.245660397849658,16.357952760692683,-3.921597329976286,2.5726464785418215,0,2.6144250957144624,,0,117511.0,0.7313142254881869,-41.0,0.0,TATAMOTORS,Tata Motors Ltd,49.4,20.1,73.64566039784965,3.7420472393073183,Formula Difference
TATAMOTORS,Mar 2022,-4.061353042154179,8.877588398801956,-25.378694374004173,12.941730799434584,-3.4367488094912497,3.2864836965059134,0,2.9149484536082473,,0,117069.0,0.846207845961691,-34.0,0.0,TATAMOTORS,Tata Motors Ltd,49.4,20.1,74.77869437400417,7.158269200565417,Formula Difference
TATAMOTORS,Mar 2023,0.7775308049611668,9.196252821800924,5.935307356250828,17.73121185944771,0.8037672481280291,2.9591147786946737,0,3.763325183374083,,0,107734.0,1.0337432845097019,7.0,32.0,TATAMOTORS,Tata Motors Ltd,49.4,20.1,43.464692643749174,2.36878814055229,Formula Difference
TATAMOTORS,Mar 2024,7.263066074788551,13.595385542828959,37.45613415294755,30.98033093974399,8.607629877598297,1.2631244259167667,0,6.530242339274985,,0,84291.0,1.1851234435931923,94.0,7.0,TATAMOTORS,Tata Motors Ltd,49.4,20.1,11.94386584705245,10.880330939743988,Formula Difference
TATAPOWER,Mar 2013,0.37073876480694457,16.864092594267113,0.9971625456019456,11.141645259573451,0.18288059235469914,3.0710985002026754,0,2.259651778955337,,0,34762.0,0.49328694410990676,0.0,-319.0,TATAPOWER,"Tata Power Company Ltd
",11.3,11.1,10.302837454398055,0.041645259573451554,Formula Difference
TATAPOWER,Mar 2014,0.033588982813637126,19.35845042825953,0.0967663898072736,13.15479134172785,0.016810725242704848,3.2394968147730023,0,2.07703488372093,,0,37154.0,0.5004833083507277,-1.0,-114.0,TATAPOWER,"Tata Power Company Ltd
",11.3,11.1,11.203233610192727,2.054791341727851,Formula Difference
TATAPOWER,Mar 2015,1.3604024647992141,18.756883874616737,3.1917865623690456,11.47200728265817,0.607834009443373,2.836080458164548,0,1.9889159232224927,,0,37162.0,0.4468045487796768,1.0,210.0,TATAPOWER,"Tata Power Company Ltd
",11.3,11.1,8.108213437630955,0.3720072826581706,Formula Difference
TATAPOWER,Mar 2016,2.664948803146403,7.137044822675799,6.7566405914209575,4.169803098133988,1.1219435602438015,3.3395512765408752,0,1.9051297898640296,,0,27064.0,0.42100004282227327,2.0,53.0,TATAPOWER,"Tata Power Company Ltd
",11.3,11.1,4.543359408579043,6.930196901866012,Source Difference
TATAPOWER,Mar 2018,9.728017883755587,8.550670640834575,15.921702542837979,3.5314211854496214,3.1883456259463685,2.962924568571254,0,2.3613400691305504,,0,36160.0,0.32774874224588485,9.0,15.0,TATAPOWER,"Tata Power Company Ltd
",11.3,11.1,4.621702542837978,7.568578814550378,Source Difference
TATAPOWER,Mar 2019,8.721261001974499,10.27408721261002,14.236547391423107,4.595051713041266,3.099687176620318,2.649877082764272,0,2.4594724220623503,,0,34964.0,0.3554173159040358,9.0,15.0,TATAPOWER,"Tata Power Company Ltd
",11.3,11.1,2.9365473914231064,6.504948286958734,Source Difference
TATASTEEL,Mar 2013,-5.398182789951898,2.943316111408041,-21.280580592297788,3.8607219014420506,-4.951115226449522,2.0054137890670725,0,1.3634072580645162,,1,65271.0,0.9171818404640649,-6.0,-11.0,TATASTEEL,"Tata Steel Ltd
",6.55,7.02,27.83058059229779,3.159278098557949,Formula Difference
TATASTEEL,Mar 2014,2.466120284764558,10.889956531686112,9.042238231520773,13.24809063449055,2.1357311018391183,2.0139396032764236,0,3.896702789946968,,0,76536.0,0.8660287638982774,3.0,27.0,TATASTEEL,"Tata Steel Ltd
",6.55,7.02,2.4922382315207736,6.228090634490551,Source Difference
TATASTEEL,Mar 2015,-2.8235749512558783,2.4436575295332035,-12.564994098695333,3.0423917893797414,-2.475661339082013,2.574276691441513,0,1.939562706270627,,0,77246.0,0.8767825830091321,-3.0,-20.0,TATASTEEL,"Tata Steel Ltd
",6.55,7.02,19.114994098695334,3.977608210620258,Formula Difference
TATASTEEL,Mar 2016,-0.4874221546609131,-0.6129554258814298,-1.136467575230952,-0.4971404481422856,-0.2809751023269488,1.8747599012165006,0,2.3030087656953326,,0,71273.0,0.5764512335768074,0.0,-203.0,TATASTEEL,"Tata Steel Ltd
",6.55,7.02,7.686467575230952,7.517140448142285,Formula Difference
TATASTEEL,Mar 2017,-3.712410618082084,11.704467537555988,-11.023559586451254,10.87782311123617,-2.4175543790265994,2.195034242047648,0,1.8444400630914826,,0,70557.0,0.6512087771895133,-4.0,-23.0,TATASTEEL,"Tata Steel Ltd
",6.55,7.02,17.573559586451253,3.8578231112361703,Formula Difference
TATASTEEL,Mar 2018,14.396060008600475,17.38999910749783,29.148527213287117,14.006848867453503,8.500780943072604,1.5138078888140494,0,5.926856095325389,,0,74248.0,0.5904935751861328,12.0,9.0,TATASTEEL,"Tata Steel Ltd
",6.55,7.02,22.598527213287117,6.986848867453503,Formula Difference
TATASTEEL,Mar 2019,5.785538057576315,18.59465081912107,13.234675371780922,17.272197053157456,3.918839384292852,1.4626913311570549,0,4.026370757180157,,0,95078.0,0.6773508955076405,9.0,15.0,TATASTEEL,"Tata Steel Ltd
",6.55,7.02,6.684675371780922,10.252197053157456,Formula Difference
TATASTEEL,Mar 2021,5.240124380974318,19.517063994779072,11.031937391398053,18.74400884846995,3.357809674919745,1.19210926871321,0,4.033653214144866,,0,77819.0,0.6407881627984208,6.0,40.0,TATASTEEL,"Tata Steel Ltd
",6.55,7.02,4.481937391398053,11.72400884846995,Source Difference
TATASTEEL,Mar 2022,17.113121467131773,26.02486483384503,36.48016916718366,33.41508599818951,14.782488616325923,0.6602500808262629,0,11.861955327718784,,0,62421.0,0.8638101847589778,33.0,16.0,TATASTEEL,"Tata Steel Ltd
",6.55,7.02,29.93016916718366,26.39508599818951,Formula Difference
TATASTEEL,Mar 2023,3.3182249653795104,13.272899861518042,7.833569391358336,17.183136055326507,2.829401953776507,0.8235482431462331,0,5.376885219876171,,0,76483.0,0.8526853915261602,7.0,50.0,TATASTEEL,"Tata Steel Ltd
",6.55,7.02,1.283569391358336,10.163136055326508,Source Difference
TATASTEEL,Mar 2024,-2.1425049417247384,9.70803461170916,-5.334926929972293,12.42093156986774,-1.823164211026616,0.9461835171402184,0,2.1634256792754396,,0,80824.0,0.8509498277091255,-4.0,-101.0,TATASTEEL,"Tata Steel Ltd
",6.55,7.02,11.884926929972293,5.4009315698677405,Formula Difference
TCS,Mar 2013,22.346758957913288,28.639921256092332,36.51740777253152,46.40156386645404,27.104675344681507,0.008613085663882115,0,400.375,,0,-1565.0,1.2129130401294,36.0,31.0,TCS,Tata Consultancy Services Ltd,0.52,64.3,35.99740777253152,17.898436133545957,Formula Difference
TCS,Mar 2014,23.630651884267014,30.746005940666677,39.29667649151337,50.82235512810151,28.927561388020173,0.006037198902327472,0,686.9230769230769,,0,-3137.0,1.224154184560595,49.0,33.0,TCS,Tata Consultancy Services Ltd,0.52,64.3,38.77667649151336,13.477644871898484,Formula Difference
TCS,Mar 2015,21.194320006761895,25.866368016228552,39.616865804285574,48.0105112466417,27.36026623748602,0.007070208353905401,0,271.1730769230769,,0,-1304.0,1.2909244660247143,51.0,78.0,TCS,Tata Consultancy Services Ltd,0.52,64.3,39.09686580428557,16.2894887533583,Formula Difference
TCS,Mar 2016,22.401192864900686,28.2357380851573,34.2441467807294,43.01498941346383,27.565663544415624,0.0034472084646555608,0,1023.060606060606,,0,-22577.0,1.23054444960415,62.0,35.0,TCS,Tata Consultancy Services Ltd,0.52,64.3,33.7241467807294,21.285010586536167,Formula Difference
TCS,Mar 2017,22.342878456504415,27.390095451231712,30.571600900085834,37.35246176433187,25.75610995475555,0.003352123785000116,0,1141.625,,0,-41691.0,1.152765969921726,67.0,35.0,TCS,Tata Consultancy Services Ltd,0.52,64.3,30.051600900085834,26.947538235668127,Formula Difference
TCS,Mar 2018,21.02287496750715,26.41343904341045,30.401278075368854,38.08609077598828,24.618077354793297,0.002901513015694014,0,695.3461538461538,,0,-35761.0,1.1710138310218214,67.0,37.0,TCS,Tata Consultancy Services Ltd,0.52,64.3,29.881278075368854,26.213909224011715,Formula Difference
TCS,Mar 2019,21.549469831971216,26.973365286795982,35.28609440332715,44.136836930777136,27.710028884733234,0.000693155646982537,0,221.2979797979798,,0,-29268.0,1.2858798430215714,84.0,36.0,TCS,Tata Consultancy Services Ltd,0.52,64.3,34.766094403327145,20.16316306922286,Formula Difference
TCS,Mar 2020,20.673594607165384,26.829734499741953,38.56952666238737,45.62188515709643,27.010580469003635,0.09716377814231035,0,50.54220779220779,,0,-18182.0,1.3065255937466183,86.0,85.0,TCS,Tata Consultancy Services Ltd,0.52,64.3,38.049526662387365,18.678114842903568,Formula Difference
TCS,Mar 2021,19.833472410873632,28.351108864213625,37.67311096456215,49.39720677505625,25.04923379900302,0.09018546157139055,0,76.0784929356358,,0,-21578.0,1.2629777217059512,88.0,43.0,TCS,Tata Consultancy Services Ltd,0.52,64.3,37.153110964562146,14.90279322494375,Formula Difference
TCS,Mar 2022,20.051211448001087,27.669305464292794,43.13375739014349,54.72219643759605,27.283500326417077,0.08770571803587655,0,72.79974489795919,,0,-22667.0,1.3606908688371038,105.0,41.0,TCS,Tata Consultancy Services Ltd,0.52,64.3,42.61375739014348,9.57780356240395,Formula Difference
TCS,Mar 2023,18.763139919630266,26.283831134845514,46.7829337344068,60.39933953033268,29.61171504770438,0.08502167566132886,0,80.49807445442876,,0,-29475.0,1.5781854835887132,115.0,100.0,TCS,Tata Consultancy Services Ltd,0.52,64.3,46.26293373440679,3.900660469667315,Formula Difference
TCS,Mar 2024,19.136712150207767,26.690688396923118,50.944313673485176,65.26850065983149,31.689259788825343,0.0886406082507266,0,87.09511568123393,,0,-23741.0,1.6559406621205455,127.0,58.0,TCS,Tata Consultancy Services Ltd,0.52,64.3,50.42431367348517,0.9685006598314914,Formula Difference
TECHM,Mar 2013,19.01644114651535,20.689655172413794,24.087725764835973,20.893329415221864,14.548085485307213,0.25433099889421307,0,12.436893203883495,,0,-2719.0,0.765026714158504,25.0,5.0,TECHM,Tech Mahindra Ltd,8.63,11.9,15.457725764835972,8.993329415221863,Formula Difference
TECHM,Mar 2013,19.01644114651535,20.689655172413794,24.087725764835973,20.893329415221864,14.548085485307213,0.25433099889421307,0,12.436893203883495,,0,-2719.0,0.765026714158504,25.0,5.0,TECHM,Tech Mahindra Ltd,8.63,11.9,15.457725764835972,8.993329415221863,Formula Difference
TECHM,Mar 2014,16.28550154238911,22.189128816083397,33.34785449793073,43.708748035620744,19.209535759096614,0.03953387061642344,0,55.2,,0,-1109.0,1.1795483061480552,32.0,15.0,TECHM,Tech Mahindra Ltd,8.63,11.9,24.71785449793073,31.808748035620745,Formula Difference
TECHM,Mar 2014,16.28550154238911,22.189128816083397,33.34785449793073,43.708748035620744,19.209535759096614,0.03953387061642344,0,55.2,,0,-1109.0,1.1795483061480552,32.0,15.0,TECHM,Tech Mahindra Ltd,8.63,11.9,24.71785449793073,31.808748035620745,Formula Difference
TECHM,Mar 2015,11.754564342867248,18.535873745634586,21.70966688438929,32.3833796725363,13.396815800080613,0.057152188112344876,0,62.30434782608695,,0,-1403.0,1.1397118097541314,27.0,22.0,TECHM,Tech Mahindra Ltd,8.63,11.9,13.079666884389288,20.4833796725363,Formula Difference
TECHM,Mar 2015,11.754564342867248,18.535873745634586,21.70966688438929,32.3833796725363,13.396815800080613,0.057152188112344876,0,62.30434782608695,,0,-1403.0,1.1397118097541314,27.0,22.0,TECHM,Tech Mahindra Ltd,8.63,11.9,13.079666884389288,20.4833796725363,Formula Difference
TECHM,Mar 2016,11.425228353589493,16.0791122518306,20.745665136042764,27.164902435913785,13.438401775804662,0.07477211979987664,0,48.58762886597938,,0,-206.0,1.176204217536071,31.0,35.0,TECHM,Tech Mahindra Ltd,8.63,11.9,12.115665136042763,15.264902435913784,Formula Difference
TECHM,Mar 2016,11.425228353589493,16.0791122518306,20.745665136042764,27.164902435913785,13.438401775804662,0.07477211979987664,0,48.58762886597938,,0,-206.0,1.176204217536071,31.0,35.0,TECHM,Tech Mahindra Ltd,8.63,11.9,12.115665136042763,15.264902435913784,Formula Difference
TECHM,Mar 2017,9.783466593459387,14.357777701520194,17.34501429701284,23.50165702409706,10.941397705031278,0.08310518951146803,0,38.44186046511628,,0,-1030.0,1.1183559120389914,29.0,28.0,TECHM,Tech Mahindra Ltd,8.63,11.9,8.715014297012837,11.60165702409706,Formula Difference
TECHM,Mar 2017,9.783466593459387,14.357777701520194,17.34501429701284,23.50165702409706,10.941397705031278,0.08310518951146803,0,38.44186046511628,,0,-1030.0,1.1183559120389914,29.0,28.0,TECHM,Tech Mahindra Ltd,8.63,11.9,8.715014297012837,11.60165702409706,Formula Difference
TECHM,Mar 2018,12.302992883371786,15.305625060930037,20.092341983760548,22.175141242937855,12.441260556669185,0.12720904314599585,0,37.82098765432099,,0,-2444.0,1.0112385396470704,39.0,33.0,TECHM,Tech Mahindra Ltd,8.63,11.9,11.462341983760547,10.275141242937854,Formula Difference
TECHM,Mar 2018,12.302992883371786,15.305625060930037,20.092341983760548,22.175141242937855,12.441260556669185,0.12720904314599585,0,37.82098765432099,,0,-2444.0,1.0112385396470704,39.0,33.0,TECHM,Tech Mahindra Ltd,8.63,11.9,11.462341983760547,10.275141242937854,Formula Difference
TECHM,Mar 2019,12.345288123884636,18.050198606873526,21.143702243036728,28.14505632601768,12.823656042576093,0.09839783090953907,0,51.16541353383459,,0,-5346.0,1.0387490282843987,44.0,29.0,TECHM,Tech Mahindra Ltd,8.63,11.9,12.513702243036727,16.245056326017682,Formula Difference
TECHM,Mar 2019,12.345288123884636,18.050198606873526,21.143702243036728,28.14505632601768,12.823656042576093,0.09839783090953907,0,51.16541353383459,,0,-5346.0,1.0387490282843987,44.0,29.0,TECHM,Tech Mahindra Ltd,8.63,11.9,12.513702243036727,16.245056326017682,Formula Difference
TECHM,Mar 2020,10.570142128675274,14.926223283063903,17.865493054600467,21.594788682651178,10.442681815745752,0.16824829230275523,0,34.869791666666664,,0,-2178.0,0.9879414759633421,42.0,32.0,TECHM,Tech Mahindra Ltd,8.63,11.9,9.235493054600466,9.694788682651177,Formula Difference
TECHM,Mar 2020,10.570142128675274,14.926223283063903,17.865493054600467,21.594788682651178,10.442681815745752,0.16824829230275523,0,34.869791666666664,,0,-2178.0,0.9879414759633421,42.0,32.0,TECHM,Tech Mahindra Ltd,8.63,11.9,9.235493054600466,9.694788682651177,Formula Difference
TECHM,Mar 2021,11.499141460837405,17.952714304583278,17.506535290569072,24.47597781459339,10.991869097520327,0.11667001809772773,0,43.58620689655172,,0,-7337.0,0.9558860663602848,46.0,89.0,TECHM,Tech Mahindra Ltd,8.63,11.9,8.876535290569072,12.575977814593388,Formula Difference
TECHM,Mar 2021,11.499141460837405,17.952714304583278,17.506535290569072,24.47597781459339,10.991869097520327,0.11667001809772773,0,43.58620689655172,,0,-7337.0,0.9558860663602848,46.0,89.0,TECHM,Tech Mahindra Ltd,8.63,11.9,8.876535290569072,12.575977814593388,Formula Difference
TECHM,Mar 2022,12.610312234018725,17.963535367110158,20.940266309603512,27.182754880694144,12.675612391930835,0.09737409804359146,0,56.04294478527607,,0,-2266.0,1.0051783141210375,57.0,47.0,TECHM,Tech Mahindra Ltd,8.63,11.9,12.310266309603511,15.282754880694144,Formula Difference
TECHM,Mar 2022,12.610312234018725,17.963535367110158,20.940266309603512,27.182754880694144,12.675612391930835,0.09737409804359146,0,56.04294478527607,,0,-2266.0,1.0051783141210375,57.0,47.0,TECHM,Tech Mahindra Ltd,8.63,11.9,12.310266309603511,15.282754880694144,Formula Difference
TECHM,Mar 2023,9.11428035278664,14.567461062112965,17.3936398796734,25.316331854943908,10.59855543675126,0.09812347801174617,0,26.773006134969325,,0,-648.0,1.162851594038449,50.0,91.0,TECHM,Tech Mahindra Ltd,8.63,11.9,8.7636398796734,13.416331854943907,Formula Difference
TECHM,Mar 2023,9.11428035278664,14.567461062112965,17.3936398796734,25.316331854943908,10.59855543675126,0.09812347801174617,0,26.773006134969325,,0,-648.0,1.162851594038449,50.0,91.0,TECHM,Tech Mahindra Ltd,8.63,11.9,8.7636398796734,13.416331854943907,Formula Difference
TITAN,Mar 2013,7.161908525140769,10.01679344067964,36.80203045685279,51.47208121827411,12.321549966009519,0.0,0,21.823529411764707,,0,-3.0,1.720428280081577,8.0,26.0,TITAN,"Titan Company Ltd
",32.9,22.7,3.902030456852792,28.772081218274113,Source Difference
TITAN,Mar 2014,6.726457399103139,9.581769927702021,29.131985731272298,31.44144144144144,12.027491408934708,0.31985731272294887,0,13.379310344827585,,0,804.0,1.7880870561282933,8.0,25.0,TITAN,"Titan Company Ltd
",32.9,22.7,3.7680142687277005,8.741441441441442,Source Difference
TITAN,Mar 2015,6.849660035255603,9.678502476286411,26.459143968871597,36.212311557788944,13.905930470347649,0.0324254215304799,0,15.061728395061728,,0,97.0,2.030163599182004,9.0,25.0,TITAN,"Titan Company Ltd
",32.9,22.7,6.440856031128401,13.512311557788944,Formula Difference
TITAN,Mar 2016,5.9861653068464,8.32742107130188,19.24721984602224,25.939226519337016,10.64333017975402,0.03222127174222983,0,24.0,,0,83.0,1.7779880163986124,8.0,29.0,TITAN,"Titan Company Ltd
",32.9,22.7,13.652780153977758,3.2392265193370164,Formula Difference
TITAN,Mar 2017,5.256013875273358,8.777618580800844,16.46586345381526,19.03515944399019,8.289724072312083,0.44460193716040636,0,29.526315789473685,,0,1451.0,1.5771883920076117,8.0,32.0,TITAN,"Titan Company Ltd
",32.9,22.7,16.43413654618474,3.6648405560098105,Formula Difference
TITAN,Mar 2018,6.836228287841191,10.198511166253102,21.650294695481335,24.244211768175784,11.574414452263419,0.33222003929273086,0,32.339622641509436,,0,1655.0,1.6930994643419808,13.0,29.0,TITAN,"Titan Company Ltd
",32.9,22.7,11.249705304518663,1.544211768175785,Formula Difference
TITAN,Mar 2019,7.022599726983164,10.081399464078062,22.8830313014827,23.56138485170743,11.861656703672075,0.3942339373970346,0,40.9811320754717,,0,2285.0,1.689069171648164,16.0,32.0,TITAN,"Titan Company Ltd
",32.9,22.7,10.0169686985173,0.861384851707431,Formula Difference
TITAN,Mar 2020,7.091962758882767,11.69960098802964,22.38716449242765,24.073893070081127,11.02333136444182,0.5341130604288499,0,15.759036144578314,,0,3404.0,1.554341405788541,17.0,24.0,TITAN,"Titan Company Ltd
",32.9,22.7,10.512835507572348,1.3738930700811274,Formula Difference
TITAN,Mar 2021,4.500092404361486,7.969876178155609,12.99186341203148,13.132851161020175,5.923133057650206,0.7520341469921302,0,9.38423645320197,,0,2814.0,1.3162247628314279,11.0,37.0,TITAN,"Titan Company Ltd
",32.9,22.7,19.90813658796852,9.567148838979824,Formula Difference
TITAN,Mar 2022,7.632209451717073,11.611514288690579,23.6267870579383,20.1713113765231,10.37379648857844,0.782005804579168,0,16.15137614678899,,0,6981.0,1.3592127619407213,24.0,31.0,TITAN,"Titan Company Ltd
",32.9,22.7,9.273212942061697,2.5286886234768993,Formula Difference
TITAN,Mar 2023,8.069008009858287,12.03203943314849,27.626360644671337,23.008766141954943,12.116950407105847,0.7903974348156274,0,17.293333333333333,,0,6852.0,1.5016654330125834,37.0,27.0,TITAN,"Titan Company Ltd
",32.9,22.7,5.273639355328662,0.3087661419549441,Formula Difference
TORNTPHARM,Mar 2013,13.581017795816422,21.76084920387137,30.590717299578056,32.95508274231678,11.590727418065548,0.4873417721518987,0,20.529411764705884,,0,633.0,0.8534505728750333,13.0,45.0,TORNTPHARM,Torrent Pharmaceuticals Ltd,24.2,23.2,6.390717299578057,9.755082742316784,Formula Difference
TORNTPHARM,Mar 2014,15.915627996164908,22.890699904122723,34.8922753547031,31.466227347611202,13.221823974512144,0.5948502364687336,0,16.76271186440678,,0,946.0,0.8307447232178415,20.0,25.0,TORNTPHARM,Torrent Pharmaceuticals Ltd,24.2,23.2,10.692275354703103,8.266227347611203,Formula Difference
TORNTPHARM,Mar 2015,16.199309749784298,22.001725625539258,30.148534725010034,19.49913974383483,9.603580562659847,1.099959855479727,0,7.462857142857143,,0,2442.0,0.5928388746803069,22.0,25.0,TORNTPHARM,Torrent Pharmaceuticals Ltd,24.2,23.2,5.948534725010035,3.700860256165168,Formula Difference
TORNTPHARM,Mar 2016,25.915956333183786,40.87034544638852,49.59931310818546,46.749914471433456,19.502588341210895,0.6731539782484258,0,15.027173913043478,,0,1572.0,0.7525320729237002,51.0,34.0,TORNTPHARM,Torrent Pharmaceuticals Ltd,24.2,23.2,25.399313108185464,23.549914471433457,Formula Difference
TORNTPHARM,Mar 2018,11.394957983193276,22.672268907563026,14.665801427644388,12.169598556608028,4.76023309695991,1.3977936404931863,0,5.35064935064935,,0,5970.0,0.4177490697184582,20.0,35.0,TORNTPHARM,Torrent Pharmaceuticals Ltd,24.2,23.2,9.534198572355612,11.030401443391971,Formula Difference
TORNTPHARM,Mar 2019,5.682262478821843,25.843868108953473,9.227513227513228,18.42423116231534,3.0893502444554666,1.2778835978835978,0,3.3392857142857144,,0,5685.0,0.5436831290299724,13.0,66.0,TORNTPHARM,Torrent Pharmaceuticals Ltd,24.2,23.2,14.972486772486771,4.775768837684659,Formula Difference
TORNTPHARM,Mar 2022,9.132581100141044,28.573107663375648,13.052242566773057,24.25421530479896,6.02045560204556,0.6836888963547791,0,8.403921568627451,,0,3844.0,0.6592282659228266,23.0,105.0,TORNTPHARM,Torrent Pharmaceuticals Ltd,24.2,23.2,11.147757433226943,1.0542153047989622,Formula Difference
TORNTPHARM,Mar 2024,15.436241610738255,31.3944817300522,24.154025670945156,30.961573818716676,11.416752843846949,0.5866394399066511,0,9.926553672316384,,0,3849.0,0.7396070320579111,49.0,57.0,TORNTPHARM,Torrent Pharmaceuticals Ltd,24.2,23.2,0.04597432905484311,7.761573818716677,Source Difference
TRENT,Mar 2013,-1.2664165103189493,0.23452157598499063,-2.1933387489845653,0.3176620076238882,-1.2222725215029424,0.2786352558895207,0,2.1724137931034484,,0,26.0,0.965142598460842,-1.0,-87.0,TRENT,Trent Ltd,27.2,23.8,29.393338748984565,23.482337992376113,Formula Difference
TRENT,Mar 2014,-0.8144020574367767,-0.42863266180882986,-1.917255297679112,-0.7558578987150416,-0.981404958677686,0.3350151362260343,0,3.1153846153846154,,0,32.0,1.2050619834710743,-1.0,-125.0,TRENT,Trent Ltd,27.2,23.8,29.11725529767911,24.555857898715043,Formula Difference
TRENT,Mar 2015,5.64798598949212,3.852889667250438,9.071729957805907,5.210183540556542,5.845038513819665,0.1877637130801688,0,13.454545454545455,,0,-473.0,1.0348889895786135,4.0,26.0,TRENT,Trent Ltd,27.2,23.8,18.128270042194092,18.58981645944346,Formula Difference
TRENT,Mar 2016,3.262158956109134,5.338078291814947,3.7568306010928962,4.828326180257511,2.5498377375985166,0.273224043715847,0,3.6666666666666665,,0,-667.0,0.7816411682892906,2.0,54.0,TRENT,Trent Ltd,27.2,23.8,23.443169398907102,18.97167381974249,Formula Difference
TRENT,Mar 2017,4.690949227373068,7.39514348785872,5.4945054945054945,6.910778751933987,3.825382538253826,0.25339366515837103,0,4.673913043478261,,0,-688.0,0.8154815481548154,3.0,39.0,TRENT,Trent Ltd,27.2,23.8,21.705494505494507,16.889221248066015,Formula Difference
TRENT,Mar 2018,4.033379694019471,9.643022716736208,5.454545454545454,10.473313192346426,3.724315068493151,0.245141065830721,0,5.340909090909091,,0,-632.0,0.9233732876712328,3.0,44.0,TRENT,Trent Ltd,27.2,23.8,21.745454545454546,13.326686807653575,Formula Difference
TRENT,Mar 2019,3.6121673003802277,9.163498098859316,5.771567436208992,11.261682242990654,3.7123876514263383,0.3001215066828676,0,5.313725490196078,,0,-389.0,1.0277452129738178,3.0,45.0,TRENT,Trent Ltd,27.2,23.8,21.428432563791006,12.538317757009347,Formula Difference
TRENT,Mar 2020,3.040734366035571,15.174985656913368,4.438860971524288,19.680059523809522,1.9248229526057745,0.12562814070351758,0,2.570342205323194,,0,-1215.0,0.633012529507899,3.0,29.0,TRENT,Trent Ltd,27.2,23.8,22.76113902847571,4.119940476190479,Formula Difference
TRENT,Mar 2021,-6.980331662167373,4.3964519861164675,-7.825335062689148,4.3628013777267505,-3.1621243885394827,0.1297016861219196,0,1.1992337164750957,,1,-1187.0,0.453004891684137,-4.0,-15.0,TRENT,Trent Ltd,27.2,23.8,35.025335062689145,19.43719862227325,Formula Difference
TRENT,Mar 2022,0.7781236104935527,13.228101378390395,1.4805414551607445,8.393285371702639,0.45301579083613774,1.998730964467005,0,2.2984615384615386,,0,3441.0,0.582190007765985,3.0,57.0,TRENT,Trent Ltd,27.2,23.8,25.719458544839256,15.406714628297362,Formula Difference
TRENT,Mar 2023,4.780393108468818,13.516136859985439,15.177195685670261,15.779036827195467,4.875030932937392,1.7195685670261942,0,3.5574572127139366,,0,3354.0,1.0197970799307101,13.0,18.0,TRENT,Trent Ltd,27.2,23.8,12.022804314329738,8.020963172804533,Formula Difference
TRENT,Mar 2024,11.935353535353535,15.927272727272726,36.30776794493609,33.86016148428105,20.622731080703712,0.4309242871189774,0,8.043478260869565,,0,337.0,1.7278693102485339,42.0,8.0,TRENT,Trent Ltd,27.2,23.8,9.10776794493609,10.06016148428105,Formula Difference
INDIGO,Mar 2013,8.551559274149733,90.7095512332935,17886.363636363636,54207.792207792205,3026.923076923077,2.5,0,28.23310810810811,,0,11.0,353.96153846153845,25647.0,70.0,INDIGO,Interglobe Aviation Ltd,,24.5,,54183.292207792205,Source Difference
INDIGO,Mar 2014,4.263740217684627,96.10506431591257,10772.727272727272,58065.21739130435,1354.2857142857142,3.1818181818181817,0,27.335038363171357,,0,14.0,317.62857142857143,15454.0,80.0,INDIGO,Interglobe Aviation Ltd,,24.5,,58040.71739130435,Source Difference
INDIGO,Mar 2015,9.364452423698385,86.33393177737881,4939.39393939394,39546.05263157895,2137.7049180327867,0.15151515151515152,0,30.470886075949366,,0,3.0,228.27868852459017,42481.0,83.0,INDIGO,Interglobe Aviation Ltd,,24.5,,39521.55263157895,Source Difference
INDIGO,Mar 2016,12.304832713754648,80.39653035935564,1534.775888717156,9443.959243085881,1013.265306122449,0.061823802163833076,0,25.23495145631068,,0,-116.0,82.34693877551021,55.0,27.0,INDIGO,Interglobe Aviation Ltd,,24.5,,9419.459243085881,Source Difference
INDIGO,Mar 2017,8.928955866523143,88.06243272335846,1692.8571428571427,10908.0,674.390243902439,0.5306122448979592,0,20.752851711026615,,0,36.0,75.52845528455285,46.0,74.0,INDIGO,Interglobe Aviation Ltd,,24.5,,10883.5,Source Difference
INDIGO,Mar 2018,9.738934016767299,86.8381043395161,2242.0,12981.16883116883,803.584229390681,0.54,0,21.123548046462513,,0,39.0,82.51254480286738,58.0,10.0,INDIGO,Interglobe Aviation Ltd,,24.5,,12956.66883116883,Source Difference
INDIGO,Mar 2019,0.547426044846826,100.52988033828123,120.93023255813952,13201.84331797235,41.8230563002681,0.6821705426356589,0,21.620377358490565,,0,68.0,76.39946380697052,4.0,123.0,INDIGO,Interglobe Aviation Ltd,,24.5,,13177.34331797235,Source Difference
INDIGO,Mar 2020,-0.69358988701197,88.62009173285603,-138.54748603351956,12475.1968503937,-58.767772511848335,0.41899441340782123,0,20.70411495754409,,0,54.0,84.72985781990522,-6.0,0.0,INDIGO,Interglobe Aviation Ltd,,24.5,,12450.6968503937,Source Difference
INDIGO,Mar 2021,-42.14876033057851,99.97950959633904,-1094.148936170213,2554.624781849913,-760.9124537607892,0.015957446808510637,0,14.12934362934363,,0,-41.0,18.053020961775587,-151.0,0.0,INDIGO,Interglobe Aviation Ltd,,24.5,,2530.124781849913,Source Difference
INDIGO,Mar 2022,-1.2224750298870077,97.84813543635032,-48.769230769230774,3832.779456193354,-34.45652173913044,0.018461538461538463,0,35.0,,0,-161.0,28.18586956521739,-160.0,0.0,INDIGO,Interglobe Aviation Ltd,,24.5,,3808.279456193354,Source Difference
INDIGO,Mar 2023,-0.582228262865959,88.02483194357713,-40.7979407979408,6074.271229404309,-29.84934086629002,0.015444015444015444,0,33.49965059399022,,0,-120.0,51.26741996233522,-8.0,0.0,INDIGO,Interglobe Aviation Ltd,,24.5,,6049.771229404309,Source Difference
INDIGO,Mar 2024,11.852722628584697,76.29890862649484,892.568306010929,5640.87982832618,668.3306055646481,0.018579234972677595,0,22.612639724849526,,0,-171.0,56.38625204582652,212.0,0.0,INDIGO,Interglobe Aviation Ltd,,24.5,,5616.37982832618,Source Difference
